Part,2026-03-23,2026-03-30,2026-04-06,2026-04-13,2026-04-20,2026-04-27,2026-05-04,2026-05-11,2026-05-18,2026-05-25,2026-06-01,2026-06-08,2026-06-15,2026-06-22,2026-06-29,2026-07-06,2026-07-13,2026-07-20,2026-07-27,2026-08-03,2026-08-10,2026-08-17,2026-08-24,2026-08-31,2026-09-07,2026-09-14,2026-09-21,2026-09-28,2026-10-05,2026-10-12,2026-10-19,2026-10-26,2026-11-02,2026-11-09,2026-11-16,2026-11-23,2026-11-30,2026-12-07,2026-12-14,2026-12-21,2026-12-28,2027-01-04,2027-01-11,2027-01-18,2027-01-25,2027-02-01,2027-02-08,2027-02-15,2027-02-22,2027-03-01,2027-03-08
101109,2.1333333333333333,1.7777777777777777,1.4222222222222223,1.0666666666666667,6,5,4,3,2,5.355555555555555,4.355555555555555,3.3555555555555556,2.3555555555555556,1.3555555555555556,5,4,3,2,1,5.355555555555555,4.355555555555555,3.3555555555555556,2.3555555555555556,1.3555555555555556,0.35555555555555557,0,0,0,0,0,0,0,0,0,0,0,0,0,0,0,0,0,0,0,0,0,0,0,0,0,0
101111,11,10,9,8,13,12,11,10,9,12,11,10,9,8,16,15,14,13,12,11,10,9,14,13,12,11,10,9,8,7,6,5,4,3,2,1,0,0,0,0,0,0,0,0,0,0,0,0,0,0,0
101119,0,0,1.5028901734104045,5.072254335260116,4.072254335260116,3.0722543352601157,2.0722543352601157,5,4,3,2,5,4,3,2,5.491329479768786,4.491329479768786,3.491329479768786,2.491329479768786,5.491329479768786,4.491329479768786,3.491329479768786,2.491329479768786,1.4913294797687862,0.4913294797687861,0,0,0,0,0,0,0,0,0,0,0,0,0,0,0,0,0,0,0,0,0,0,0,0,0,0
101168,9.805970149253731,8.805970149253731,7.8059701492537314,6.8059701492537314,5.8059701492537314,10.880597014925373,9.880597014925373,8.880597014925373,7.880597014925373,11.552238805970148,10.552238805970148,9.552238805970148,8.552238805970148,7.552238805970149,11.029850746268657,10.029850746268657,9.029850746268657,12.507462686567164,11.507462686567164,10.507462686567164,9.507462686567164,8.507462686567164,11.985074626865671,10.985074626865671,9.985074626865671,8.985074626865671,7.985074626865671,6.985074626865671,5.985074626865671,4.985074626865671,3.985074626865672,2.985074626865672,1.9850746268656716,1.8805970149253732,1.7761194029850746,1.671641791044776,1.5671641791044777,1.462686567164179,1.3582089552238805,1.2537313432835822,1.1492537313432836,1.044776119402985,0.9402985074626866,0.835820895522388,0.7313432835820896,0.6268656716417911,0.5223880597014925,0.417910447761194,0.31343283582089554,0.208955223880597,0.1044776119402985
101170,7,6,5,4,7,6,5,4,7,6,5,4,9,8,7,6,5,4,8,7,6,5,8,7,6,5,4,3,2,1,0,0,0,0,0,0,0,0,0,0,0,0,0,0,0,0,0,0,0,0,0
101300,2,1,0,0,0,0,0,0,0,0,0,0,0,0,0,0,0,0,0,0,0,0,0,0,0,0,0,0,0,0,0,0,0,0,0,0,0,0,0,0,0,0,0,0,0,0,0,0,0,0,0
101304,1.1448656791363294,0.8977491961414791,0.2710683477106835,0.16404251691013472,3.845632089814057,2.8458852567575703,5,4,3,2,4.705426356589148,3.705426356589147,2.705426356589147,1.7054263565891472,4.705426356589148,3.705426356589147,2.705426356589147,1.7054263565891472,4,3,2,1,3,2,1,0,0,0,0,0,0,0,0,0,0,0,0,NA,NA,NA,NA,NA,NA,NA,NA,NA,NA,NA,NA,NA,NA
101309,7,6,5,4,3,6,5,4,3,6,5,4,3,7,6,5,4,3,7,6,5,4,3,2,1,0,0,0,0,0,0,0,0,0,0,0,0,0,0,0,0,0,0,0,0,0,0,0,0,0,0
101546,4,3,2,1,4,3,5,4,3,5,4,3,4,3,3,2,1,4,3,3,2,3,2,1,0,0,0,0,0,0,0,0,0,0,0,0,0,0,0,0,0,0,0,0,0,0,0,0,0,0,0
101712,11.383290582631,10.386046511627907,9.332278481012658,8.332278481012658,7.332278481012659,6.332278481012659,5.352760736196319,4.352760736196319,3.352760736196319,6,5,4,3,7,6,5,4,8,7,6,5,4,3,2,1,0,0,0,0,0,0,0,0,0,0,0,0,0,0,0,0,0,0,0,0,0,0,0,0,0,0
101731,4.2967827866633455,3.295887640699134,4.280620741862226,3.2801164004709333,5.279584008767324,4.279021159672154,6.259688610594009,5.258981513777468,4.258229897463573,5.674591381872214,4.672352795984971,6.110675974799932,5.1102519624849325,4.109796266926924,5.270712543167633,4.26939811457578,3.2679730704496275,5.704962707974756,4.700483816524772,3.6955735513798253,5.260830958575972,4.258569688533147,5.677526076368148,4.670074982958418,3.6616786620411124,2.6521450685537373,1.6412263535551206,0.6285970072899347,0,0,0,0,0,0,0,0,0,0,0,0,0,0,0,0,0,0,0,0,0,0,0
101732,5,4,3,2,1,5,4,3,6,5,4,6,5,4,3,2,5,4,3,6,5,4,3,2,1,0,0,0,0,0,0,0,0,0,0,0,0,0,0,0,0,0,0,0,0,0,0,0,0,0,0
101761,17,16,15,14,13,12,12.1,16.5,15.5,14.5,16.2,15.2,14.2,13.2,14,13,12,11,10,9,8,7,6,5,4,3,2,1,NA,NA,NA,NA,NA,NA,NA,NA,NA,NA,NA,NA,NA,NA,NA,NA,NA,NA,NA,NA,NA,NA,NA
101836,5,4,3,6,11,10,9,8,7,6,5,4,3,2,1,NA,NA,NA,NA,NA,NA,NA,NA,NA,NA,NA,NA,NA,NA,NA,NA,NA,NA,NA,NA,NA,NA,NA,NA,NA,NA,NA,NA,NA,NA,NA,NA,NA,NA,NA,NA
101837,19.072679045092837,18.006318830113738,16.93711967545639,15.864895421141888,14.789443267193219,13.710541871921182,12.157973174366617,11.157973174366617,10.157973174366617,15,14,13,12,11,10,9,8,7,6,5,4,3,2,1,NA,NA,NA,NA,NA,NA,NA,NA,NA,NA,NA,NA,NA,NA,NA,NA,NA,NA,NA,NA,NA,NA,NA,NA,NA,NA,NA
101838,15,10.571950662402923,9.60759493670886,8.60759493670886,7.6075949367088604,6.6075949367088604,6.898039215686275,8,7,6,5,4,3,2,1,NA,NA,NA,NA,NA,NA,NA,NA,NA,NA,NA,NA,NA,NA,NA,NA,NA,NA,NA,NA,NA,NA,NA,NA,NA,NA,NA,NA,NA,NA,NA,NA,NA,NA,NA,NA
101839,13,12,11,10,9,8,6.775510204081633,5.775510204081633,4.775510204081633,9,8,7,6,11,10,9,8,7,6,5,4,3,2,1,NA,NA,NA,NA,NA,NA,NA,NA,NA,NA,NA,NA,NA,NA,NA,NA,NA,NA,NA,NA,NA,NA,NA,NA,NA,NA,NA
101877,0,0,12,18,17,22,21,20,19,22,21,21,20,19,20,19,18,19,18,19,18,17,18,17,16,15,14,13,12,11,10,9,8,7,6,5,4,3,2,1,0,0,0,0,0,0,0,0,0,0,0
101898,6,5,6,5,4,5,7,6,5,7,6,8,7,6,5,7.816296296296296,6.816296296296296,5.816296296296296,4.816296296296296,6.816296296296296,5.816296296296296,4.816296296296296,3.8162962962962963,2.8162962962962963,1.8162962962962963,0.8162962962962963,0,0,0,0,0,0,0,0,0,0,0,0,0,0,0,0,0,0,0,0,0,0,0,0,0
101944,3.8065224689463335,2.8347753752048495,2.6211477482331973,1.6500639672660335,4.742825271270662,3.751014757430263,6.773573736526651,5.767474693832614,4.7607299210343275,5.753231137000209,4.744844417327639,6,5,6,5,5.68125,4.6614830267399965,6,5,9.28121720881427,8.754887218045113,17.556025369978858,18.98553806890685,21.684549356223176,27,26,25,24,23,22,21,20,19,18,17,16,15,14,13,12,11,10,9,8,7,6,5,4,3,2,1
101948,12.337307045697692,11.370869033047736,10.409313725490197,9.453790238836968,8.505838967424708,7.5675736199753665,6.6419753086419755,5.733388361535287,4.848400124262193,3.9975031210986267,3.198492462311558,2.489204978409957,2.7275661717236925,3.187250996015936,4.26056338028169,8.605851979345955,7.758620689655173,6.911447084233261,6.064356435643564,5.217391304347826,4.370629370629371,3.5242290748898677,2.6785714285714284,1.834862385321101,1,NA,NA,NA,NA,NA,NA,NA,NA,NA,NA,NA,NA,NA,NA,NA,NA,NA,NA,NA,NA,NA,NA,NA,NA,NA,NA
101949,11.012435991221654,10.013215859030836,9.014114177375184,8.015160150461643,7.016393442622951,6.0178693220570185,5.244647445047103,4.246274635475084,3.2483564645726806,2.25111441307578,1.2549417131272174,0.25874566656161363,0.165,0.10817455439459127,0.05152224824355972,0,0,0,0,0,0,0,0,0,NA,NA,NA,NA,NA,NA,NA,NA,NA,NA,NA,NA,NA,NA,NA,NA,NA,NA,NA,NA,NA,NA,NA,NA,NA,NA,NA
101959,5,4,3,2,6,5,4,3,6,5,4,3,6,5,4,3,2,1,0,0,0,0,0,0,0,0,0,0,0,0,0,0,0,0,0,0,0,0,0,0,0,0,0,0,0,0,0,0,0,0,0
102027,6,5,4,3,2,1,0,0,0,1,NA,NA,NA,NA,NA,NA,NA,NA,NA,NA,NA,NA,NA,NA,NA,NA,NA,NA,NA,NA,NA,NA,NA,NA,NA,NA,NA,NA,NA,NA,NA,NA,NA,NA,NA,NA,NA,NA,NA,NA,NA
102028,1,0,0,7,6,5,4,3,2,1,NA,NA,NA,NA,NA,NA,NA,NA,NA,NA,NA,NA,NA,NA,NA,NA,NA,NA,NA,NA,NA,NA,NA,NA,NA,NA,NA,NA,NA,NA,NA,NA,NA,NA,NA,NA,NA,NA,NA,NA,NA
102059,3.734898368164901,2.752505243532976,5.3107344632768365,4.3107344632768365,5.367231638418079,4.367231638418079,3.367231638418079,2.367231638418079,4.2824858757062145,3.2824858757062145,4.576271186440678,3.5762711864406778,2.5762711864406778,3.519774011299435,2.519774011299435,4.084745762711864,3.0847457627118646,4.378531073446328,3.378531073446328,2.378531073446328,3.378531073446328,2.378531073446328,3.8870056497175143,2.8870056497175143,1.887005649717514,0.8870056497175142,0,0,NA,NA,NA,NA,NA,NA,NA,NA,NA,NA,NA,NA,NA,NA,NA,NA,NA,NA,NA,NA,NA,NA,NA
102065,10,9,8,7,10,9,8,7,6,5,4,3,2,1,NA,NA,NA,NA,NA,NA,NA,NA,NA,NA,NA,NA,NA,NA,NA,NA,NA,NA,NA,NA,NA,NA,NA,NA,NA,NA,NA,NA,NA,NA,NA,NA,NA,NA,NA,NA,NA
102079,8,7,6,5,17,16,24,23,22,21,20,19,18,21,20,19,18,21,20,19,18,17,16,15,14,13,12,11,10,9,8,7,6,5,4,3,2,1,0,0,0,0,0,0,0,0,0,0,0,0,0
102098,12.271972810622826,11.271565883927485,10.193347193347194,9.193347193347194,15.033264033264032,14.033264033264032,14.252371916508539,13.252371916508539,12.252371916508539,11.252371916508539,14.992409867172675,13.992409867172675,12.992409867172675,11.992409867172675,10.992409867172675,14.555977229601519,13.555977229601519,12.555977229601519,11.555977229601519,10.555977229601519,9.555977229601519,8.555977229601519,7.555977229601518,6.555977229601518,5.555977229601518,4.555977229601518,3.555977229601518,2.732447817836812,1.9089184060721063,1.0853889943074004,0.2618595825426945,0.174573055028463,0.0872865275142315,0,0,0,0,NA,NA,NA,NA,NA,NA,NA,NA,NA,NA,NA,NA,NA,NA
102120,11,10,9,8,12,11,10,9,12,11,10,9,8,7,12,11,10,9,8,11,10,9,8,7,6,5,4,3,2,1,0,0,0,0,0,0,0,0,0,0,0,0,0,0,0,0,0,0,0,0,0
102121,7,6,5,4,3,2,6,5,4,3,7,6,5,4,8,7,6,5,4,3,2,5,4,3,2,1,0,0,0,0,0,0,0,0,0,0,0,0,0,0,0,0,0,0,0,0,0,0,0,0,0
102122,10,9,8,7,13,12,11,10,16,15,14,13,12,16,15,14,13,12,11,10,9,14,13,12,11,10,9,8,7,6,5,4,3,2,1,0,0,0,0,0,0,0,0,0,0,0,0,0,0,0,0
102123,25,24,23,22,21,20,19,18,17,21,20,19,18,17,16,15,19,18,17,16,20,19,18,17,16,15,14,13,12,11,10,9,8,7,6,5,4,3,2,1,0,0,0,0,0,0,0,0,0,0,0
102154,3.389006759757241,2.379285394342418,1.3685952505832775,0.35678391959798994,0.015668628593238382,0.01473652872878833,0.013635038460675921,0.012561010623026126,0.011384323478885157,0.010081202010716456,0.008619915596659783,0.005294290663093565,0.002591139741605787,7.207207207207207e-4,0,0,0,0,0,0,0,0,0,0,0,0,0,0,0,0,0,0,0,0,0,0,0,0,0,0,0,0,0,0,0,0,0,0,0,0,0
102155,7,6,5,4,3,2,1,NA,NA,NA,NA,NA,NA,NA,NA,NA,NA,NA,NA,NA,NA,NA,NA,NA,NA,NA,NA,NA,NA,NA,NA,NA,NA,NA,NA,NA,NA,NA,NA,NA,NA,NA,NA,NA,NA,NA,NA,NA,NA,NA,NA
102156,5.026830808080808,4.028718703976436,3.030920245398773,2.0335206744279404,1.0366391995291349,0.040447785585880046,0.0401813058924415,0.03990905911157747,0.03962818003913894,0.03933352877943907,0.03901487442087296,0.029261155815654718,0.01950743721043648,0.00975371860521824,NA,NA,NA,NA,NA,NA,NA,NA,NA,NA,NA,NA,NA,NA,NA,NA,NA,NA,NA,NA,NA,NA,NA,NA,NA,NA,NA,NA,NA,NA,NA,NA,NA,NA,NA,NA,NA
102160,10,9,8,7,6,5,4.00091279915566,3.000816929899634,2.0007165819043164,1.0006114338122898,5.011327688629507e-4,0,0,0,0,0,0,0,0,0,0,0,0,0,0,0,0,0,0,0,0,0,0,0,0,0,0,0,0,0,0,0,0,0,0,0,0,0,0,0,0
102164,9,8,7,6,5,4,3,2,1,0,0,0,0,0,0,0,0,0,0,0,0,0,0,0,0,0,0,0,0,0,0,0,0,0,0,0,0,0,0,0,0,0,0,0,0,0,0,0,0,0,0
102165,6.158302869170267,5.125208731821356,4.160910361349571,3.113630440448267,2.4550371872887085,1.8102007914407152,1.332077342588002,0.6907241317040872,0.09926470588235294,0.08272058823529412,0.0661764705882353,0.04963235294117647,0.03308823529411765,0.016544117647058824,NA,NA,NA,NA,NA,NA,NA,NA,NA,NA,NA,NA,NA,NA,NA,NA,NA,NA,NA,NA,NA,NA,NA,NA,NA,NA,NA,NA,NA,NA,NA,NA,NA,NA,NA,NA,NA
102189,16,15,14,13,12,11,16,15,14,13,12,11,17,16,15,14,13,12,11,10,9,8,7,6,5,4,3,2,1,0,0,0,0,0,0,0,0,0,0,0,0,0,0,0,0,0,0,0,0,0,0
102199,12,11,10,9,22,21,34,33,32,31,30,29,32,31,30,29,28,27,26,25,24,23,22,21,20,19,18,17,16,15,14,13,12,11,10,9,8,7,6,5,4,3,2,1,0,0,0,0,0,0,0
102200,15,14,13,24,23,27,26,25,24,23,22,21,20,27,26,25,24,23,22,28,27,26,25,24,23,22,21,20,19,18,17,16,15,14,13,12,11,10,9,8,7,6,5,4,3,2,1,0,0,0,0
102207,5,4,3,2,6,5,4,3,7,6,5,4,3,7,6,5,4,3,7,6,5,4,3,2,1,0,0,0,0,0,0,0,0,0,0,0,0,0,0,0,0,0,0,0,0,0,0,0,0,0,0
102208,4,3,4,3,2,6,5,4,3,6,5,4,3,6,5,4,3,6,5,4,3,6,5,4,3,2,1,0,0,0,0,0,0,0,0,0,0,0,0,0,0,0,0,0,0,0,0,0,0,0,0
102214,49,48,47,46,45,44,43,42,41,40,39,38,37,36,NA,NA,NA,NA,NA,NA,NA,NA,NA,NA,NA,NA,NA,NA,NA,NA,NA,NA,NA,NA,NA,NA,NA,12,11,10,9,8,7,6,5,4,3,2,1,0,0
102215,0,0,0,0,0,22,21,20,19,18,17,16,15,14,13,12,11,10,9,8,7,6,5,4,3,2,1,NA,NA,NA,NA,NA,NA,NA,NA,NA,NA,NA,NA,NA,NA,NA,NA,NA,NA,NA,NA,NA,NA,NA,NA
102216,NA,NA,NA,NA,NA,NA,NA,NA,NA,NA,NA,NA,NA,NA,NA,NA,NA,0,0,0,0,0,0,0,0,0,0,0,0,0,0,0,0,0,0,NA,NA,NA,NA,NA,NA,NA,NA,NA,NA,NA,NA,NA,NA,NA,NA
102217,26,25,24,23,22,21,20,19,18,17,16,15,14,13,NA,NA,NA,NA,NA,7,6,5,4,3,2,1,0,0,0,0,0,0,0,0,0,0,0,0,0,0,0,0,0,0,NA,NA,NA,NA,NA,NA,NA
102218,38,37,48,47,46,45,44,43,42,41,40,NA,NA,NA,NA,NA,NA,NA,NA,NA,NA,NA,NA,NA,NA,NA,NA,NA,NA,NA,NA,NA,18,17,16,15,14,13,12,11,10,9,8,7,6,5,4,3,2,1,0
102219,0,0,0,15,14,13,12,11,10,9,8,7,6,5,4,3,2,1,0,0,0,0,0,0,0,0,0,0,0,NA,NA,NA,NA,NA,NA,NA,NA,NA,NA,NA,NA,NA,NA,NA,NA,NA,NA,NA,NA,NA,NA
102220,48,47,46,45,44,43,42,41,40,39,38,37,36,35,NA,NA,NA,NA,NA,NA,NA,NA,NA,NA,NA,NA,22,21,20,19,18,17,16,15,14,13,12,11,10,9,8,7,6,5,4,3,2,1,0,NA,NA
102221,27,26,25,24,23,22,21,20,19,18,17,16,15,14,13,12,11,10,9,8,7,6,5,4,3,2,1,NA,NA,NA,NA,NA,NA,NA,NA,NA,NA,NA,NA,NA,NA,NA,NA,NA,NA,NA,NA,NA,NA,NA,NA
102222,0,0,0,0,0,0,0,0,0,0,0,0,0,0,0,0,0,0,NA,NA,NA,NA,NA,NA,NA,NA,NA,NA,NA,NA,NA,NA,NA,NA,NA,NA,NA,NA,NA,NA,NA,NA,NA,NA,NA,NA,NA,NA,NA,NA,NA
102223,21,20,19,18,17,16,15,14,13,12,11,10,9,8,7,6,5,4,3,2,1,0,NA,NA,NA,NA,NA,NA,NA,NA,NA,NA,0,0,0,0,0,0,0,0,0,0,0,0,0,0,0,0,0,0,0
102229,NA,NA,0,11,10,9,8,7,6,5,4,3,2,1,NA,NA,NA,NA,NA,NA,NA,NA,NA,NA,NA,NA,NA,NA,NA,NA,NA,NA,NA,NA,NA,NA,NA,NA,NA,NA,NA,NA,NA,NA,NA,NA,NA,NA,NA,NA,NA
102230,11,10,9,8,7,6,5,4,3,2,1,0,0,0,0,0,0,0,NA,NA,NA,NA,NA,NA,NA,NA,NA,NA,NA,NA,NA,NA,NA,NA,NA,NA,NA,NA,NA,NA,NA,0,0,0,0,0,0,0,0,0,0
102244,30,29,28,27,26,25,24,23,22,21,20,19,18,17,16,15,14,13,12,11,10,9,8,7,6,5,4,3,2,1,NA,NA,NA,NA,NA,NA,NA,NA,NA,NA,NA,NA,NA,NA,NA,NA,NA,NA,NA,NA,NA
102253,8,7,6,5,4,3,2,1,0,0,0,0,0,0,0,0,0,0,0,0,0,0,0,0,0,0,0,0,0,0,0,0,0,0,0,0,0,0,0,0,0,0,0,0,0,0,0,0,0,0,0
102270,4,3,18,17,20,19,20,19,18,19,18,19,18,19,18,19,18,19,18,17,19,18,17,16,15,14,13,12,11,10,9,8,7,6,5,4,3,2,1,0,0,0,0,0,0,0,0,0,0,0,0
102286,5,4,3,2,1,0,NA,NA,NA,NA,NA,NA,NA,NA,NA,NA,NA,NA,NA,NA,NA,NA,NA,NA,NA,NA,NA,NA,NA,NA,NA,NA,NA,NA,NA,NA,NA,NA,NA,NA,NA,NA,NA,NA,NA,NA,NA,NA,NA,NA,NA
102329,5.96688945044045,4.976895910442879,10.360377473363775,13.80161965931304,12.801936218678815,11.80226546616323,10.802608180201542,9.802608180201542,10.162714878482513,9.162714878482513,9.722584469472435,8.722584469472435,9.384706579727327,8.384706579727327,10.384706579727327,9.384706579727327,8.384706579727327,10.384706579727327,9.384706579727327,10.162714878482513,9.162714878482513,10,9,8,7,6,5,4,3,2,1,0,0,0,0,0,0,0,0,0,0,0,0,0,0,0,0,0,0,0,0
102330,3,2,20.93332025887429,21,20,19,18,17,16,15,14,13,12,11,10,9,8,7,6,5,4,3,2,1,NA,NA,NA,NA,NA,NA,NA,NA,NA,NA,NA,NA,NA,NA,NA,NA,NA,NA,NA,NA,NA,NA,NA,NA,NA,NA,NA
102331,11.213009211209133,10.21364683109168,12.186464563140166,11.185877539503386,10.185457116440963,9.185012495803647,8.184541526644264,8.39658038470672,7.39543571005736,6.394216583062851,7.357623684726488,6.3563570784490535,7.724011490763015,6.721035034161942,8.386700561274571,7.38483293181104,6.382808022922636,5.380605093726853,6.378199588783933,5.375562218890555,6.372657762609523,5.369443484272382,4.365867017197941,3.361863488624052,2.357351549318958,1.3522277880305826,0.3463587084609946,0,0,0,0,0,0,0,0,0,0,0,0,0,0,0,0,0,0,0,0,0,0,0,0
102336,NA,NA,6.140664961636829,5.139664804469274,9,8,7.105044920525224,6.881235154394299,5.8841519925857275,4.888268156424581,3.8945147679324896,2.905123339658444,1.9271137026239067,1,NA,NA,NA,NA,NA,NA,NA,NA,NA,NA,NA,NA,NA,NA,NA,NA,NA,NA,NA,NA,NA,NA,NA,NA,NA,NA,NA,NA,NA,NA,NA,NA,NA,NA,NA,NA,NA
102337,4,3,2,1,3,2,5.330628803245436,4.332948310713254,3.3360160965794767,2.340263894442223,1.367816091954023,0.367816091954023,0,0,NA,NA,NA,NA,NA,NA,NA,NA,NA,NA,NA,NA,NA,NA,NA,NA,NA,NA,NA,NA,NA,NA,NA,NA,NA,NA,NA,NA,NA,NA,NA,NA,NA,NA,NA,NA,NA
102358,2,1,0,NA,NA,NA,NA,NA,NA,NA,NA,NA,NA,NA,NA,NA,NA,NA,NA,NA,NA,NA,NA,NA,NA,NA,NA,NA,NA,NA,NA,NA,NA,NA,NA,NA,NA,NA,NA,NA,NA,NA,NA,NA,NA,NA,NA,NA,NA,NA,NA
102381,3.9863013698630136,2.9863013698630136,1.9863013698630136,0.9863013698630136,0.0821917808219178,4.36986301369863,3.3698630136986303,2.3698630136986303,1.36986301369863,0.3698630136986301,3.3698630136986303,2.3698630136986303,1.36986301369863,0.3698630136986301,0,4,3,2,4.36986301369863,3.3698630136986303,2.3698630136986303,1.36986301369863,3.9452054794520546,2.9452054794520546,1.9452054794520548,0.9452054794520548,0,0,0,0,0,0,0,0,0,0,0,0,0,0,0,0,0,0,0,0,0,0,0,0,0
102382,1.9491525423728813,0.9491525423728814,0.13533834586466165,0.09022556390977443,0.045112781954887216,3.481203007518797,2.481203007518797,5,4,3,2,4,3,2,1,3.481203007518797,2.481203007518797,1.481203007518797,0.48120300751879697,2.481203007518797,1.481203007518797,0.48120300751879697,2.481203007518797,1.481203007518797,0.48120300751879697,0,0,0,0,0,0,0,0,0,0,0,0,0,0,0,0,0,0,0,0,0,0,0,0,0,0
102383,5.674418604651163,4.674418604651163,6,5,4,3,2,6.563380281690141,5.563380281690141,4.563380281690141,3.563380281690141,2.563380281690141,6,5,4,3,6.28169014084507,5.28169014084507,4.28169014084507,3.2816901408450705,7.366197183098592,6.366197183098592,5.366197183098592,4.366197183098592,3.3661971830985915,2.3661971830985915,1.3661971830985915,0.36619718309859156,0,0,0,0,0,0,0,0,0,0,0,0,0,0,0,0,0,0,0,0,0,0,0
102390,8,7,6,5,4,3,2,1,0,0,0,0,0,NA,NA,NA,NA,NA,NA,NA,NA,NA,NA,NA,NA,NA,NA,NA,NA,NA,NA,NA,NA,NA,NA,NA,NA,NA,NA,NA,NA,NA,NA,NA,NA,NA,NA,NA,NA,NA,NA
102424,6,5,4,3,2,1,NA,NA,NA,NA,NA,NA,NA,NA,NA,NA,NA,NA,NA,NA,NA,NA,NA,NA,NA,NA,NA,NA,NA,NA,NA,NA,NA,NA,NA,NA,NA,NA,NA,NA,NA,NA,NA,NA,NA,NA,NA,NA,NA,NA,NA
102436,10.801965402621917,9.796371808732516,8.791082385309082,7.791240249051743,6.7914059527574935,8.417488506773717,7.417124500161588,9.416740960871719,8.416336273367161,10.207624590455653,9.207396754089707,12.793510586355364,11.793770557446443,15.323899927980259,14.324854708777236,15.308922580156908,14.310041985804489,13.311243484735666,12.312536451343167,15.2466105656849,14.2466105656849,15.212949976624591,14.212949976624591,13.212949976624591,12.212949976624591,11.212949976624591,10.212949976624591,9.212949976624591,8.212949976624591,7.212949976624591,6.212949976624591,5.212949976624591,4.212949976624591,3.4174848059841048,2.6220196353436185,1.8265544647031322,1.0310892940626462,0.23562412342215988,0.2187938288920056,0.20196353436185133,0.18513323983169705,0.16830294530154277,0.1514726507713885,0.13464235624123422,0.11781206171107994,0.10098176718092566,0.08415147265077139,0.06732117812061711,0.05049088359046283,0.033660589060308554,0.016830294530154277
102437,6.176435080291729,5.176098337879738,12.175744680851064,13.175744680851064,12.175744680851064,11.175744680851064,10.1652,9.1652,8.1652,9,8,8.1652,7.1652,8.1652,7.1652,8.1652,7.1652,8.1652,7.1652,8.1652,7.1652,8.1652,7.1652,6.1652,5.1652,4.1652,3.1652,2.1652,1.1652,0.1652,0,0,0,0,0,0,0,0,0,0,0,0,0,0,0,0,0,0,0,0,0
102438,9.559883154819863,8.564583682358855,7.793372859755084,6.797450707030472,5.801754385964912,4.806303190689562,5.820666549109505,4.825569781167711,3.8307749906402098,4.83631096088846,3.8422102533413125,4.8485098484067235,3.855251921434671,4.862484788140281,3.8702640642939152,4.878654098556258,3.8877297565822158,4.8975786611420435,3.9083040302948335,4.9200283085633405,3.932897862232779,5.710160761666927,4.755182625863771,3.805357453470169,2.8616236162361623,1.8616448885472714,0.8616680032076984,0,0,0,0,0,0,0,0,0,0,0,0,0,0,0,0,0,0,0,0,0,0,0,0
102448,6,5,4,3,2,3,2,4,3,4,3,2,4,3,3,2,1,2,1,2,1,3,2,1,0,0,0,0,0,0,0,0,0,0,0,0,0,0,0,0,0,0,0,0,0,0,0,0,0,0,0
102463,6,5,4,9,8,7,6,10,9,8,7,6,5,9,8,7,6,10,9,8,7,6,9,8,7,6,5,4,3,2,1,0,0,0,0,0,0,0,0,0,0,0,0,0,0,0,0,0,0,0,0
102464,7,6,5,7,6,5,8,7,6,5,7,6,5,4,7,6,5,4,3,6,5,4,3,2,1,0,0,0,0,0,0,0,0,0,0,0,0,0,0,0,0,0,0,0,0,0,0,0,0,0,0
102465,7,6,5,4,3,6,5,4,3,2,6,5,4,7,6,5,4,3,7,6,5,4,3,2,1,0,0,0,0,0,0,0,0,0,0,0,0,0,0,0,0,0,0,0,0,0,0,0,0,0,0
102466,9,8,7,6,13,12,11,10,14,13,12,11,10,9,8,12,11,10,9,8,7,11,10,9,8,7,6,5,4,3,2,1,0,0,0,0,0,0,0,0,0,0,0,0,0,0,0,0,0,0,0
102474,7.2611940298507465,6.259615384615385,5.385786802030457,4.385786802030457,6,5,4,3,2,1,NA,NA,NA,NA,NA,NA,NA,NA,NA,NA,NA,NA,NA,NA,NA,NA,NA,NA,NA,NA,NA,NA,NA,NA,NA,NA,NA,NA,NA,NA,NA,NA,NA,NA,NA,NA,NA,NA,NA,NA,NA
102475,8,7,6,5,4,3,2,1,0,0,0,0,0,0,0,0,0,0,0,0,0,0,0,0,0,0,0,0,0,0,0,0,0,0,0,0,0,0,0,0,0,0,0,0,0,0,0,0,0,0,0
102495,9,8,7,6,5,3.9885057471264367,3,2,1,NA,NA,NA,NA,NA,NA,NA,NA,NA,NA,NA,NA,NA,NA,NA,NA,NA,NA,NA,NA,NA,NA,NA,NA,NA,NA,NA,NA,NA,NA,NA,NA,NA,NA,NA,NA,NA,NA,NA,NA,NA,NA
102496,10,9,8,7,6,5,4,3,2,1,NA,NA,NA,NA,NA,NA,NA,NA,NA,NA,NA,NA,NA,NA,NA,NA,NA,NA,NA,NA,NA,NA,NA,NA,NA,NA,NA,NA,NA,NA,NA,NA,NA,NA,NA,NA,NA,NA,NA,NA,NA
102501,6,5,4,3,2,1,NA,NA,NA,NA,NA,NA,NA,NA,NA,NA,NA,NA,NA,NA,NA,NA,NA,NA,NA,NA,NA,NA,NA,NA,NA,NA,NA,NA,NA,NA,NA,NA,NA,NA,NA,NA,NA,NA,NA,NA,NA,NA,NA,NA,NA
102509,6,5,4,10,9,8,7,12,11,20,19,18,17,16,15,21,20,19,18,17,22,21,20,19,18,17,16,15,14,13,12,11,10,9,8,7,6,5,4,3,2,1,0,0,0,0,0,0,0,0,0
102516,6,5,4,24,23,22,21,20,19,18,28,27,26,25,24,23,22,21,27,26,25,24,23,22,21,20,19,18,17,16,15,14,13,12,11,10,9,8,7,6,5,4,3,2,1,0,0,0,0,0,0
102532,NA,NA,0,0,0,0,6.079470198675497,5.7218543046357615,5.364238410596027,11.543046357615895,10.543046357615895,9.543046357615895,8.543046357615895,11,10,9,8,7,6,5,4,3,2,1,NA,NA,NA,NA,NA,NA,NA,NA,NA,NA,NA,NA,NA,NA,NA,NA,NA,NA,NA,NA,NA,NA,NA,NA,NA,NA,NA
102533,5.158682634730539,4.158682634730539,3.158682634730539,2.158682634730539,5,4,3,2,5.649700598802395,4.649700598802395,3.6497005988023954,2.6497005988023954,6,5,4,3,6.649700598802395,5.649700598802395,4.649700598802395,3.6497005988023954,2.6497005988023954,1.6497005988023952,0.6497005988023952,0,NA,NA,NA,NA,NA,NA,NA,NA,NA,NA,NA,NA,NA,NA,NA,NA,NA,NA,NA,NA,NA,NA,NA,NA,NA,NA,NA
102535,8.193992490613267,7.201460425088016,6.3125,5.3125,11.166666666666666,10.166666666666666,9.166666666666666,8.166666666666666,7.166666666666667,12.166666666666666,11.166666666666666,10.166666666666666,9.166666666666666,8.166666666666666,10,9,8,7,6,5,4,3,2,1,NA,NA,NA,NA,NA,NA,NA,NA,NA,NA,NA,NA,NA,NA,NA,NA,NA,NA,NA,NA,NA,NA,NA,NA,NA,NA,NA
102536,7.644495412844036,6.645820238843495,5.452762923351159,7.118722435623844,6.164079822616408,5.213121058298723,4.2663139329806,3.2663139329805997,2.2663139329805997,7.419753086419753,6.419753086419753,5.419753086419753,4.419753086419753,9.626102292768959,8.626102292768959,7.62610229276896,6.62610229276896,11,10,9,8,7,6,5,4,3,2,1,NA,NA,NA,NA,NA,NA,NA,NA,NA,NA,NA,NA,NA,NA,NA,NA,NA,NA,NA,NA,NA,NA,NA
102551,10,9,13,12,11,10,9,8,7,6,5,4,3,2,1,NA,NA,NA,NA,NA,NA,NA,NA,NA,NA,NA,NA,NA,NA,NA,NA,NA,NA,NA,NA,NA,NA,NA,NA,NA,NA,NA,NA,NA,NA,NA,NA,NA,NA,NA,NA
102552,10,9,13,12,11,10,9,8,7,6,5,4,3,2,1,NA,NA,NA,NA,NA,NA,NA,NA,NA,NA,NA,NA,NA,NA,NA,NA,NA,NA,NA,NA,NA,NA,NA,NA,NA,NA,NA,NA,NA,NA,NA,NA,NA,NA,NA,NA
102562,0.5236172789664917,0.05592105263157895,NA,NA,NA,NA,NA,NA,NA,NA,NA,NA,NA,NA,NA,NA,NA,NA,NA,NA,NA,NA,NA,NA,NA,NA,NA,NA,NA,NA,NA,NA,NA,NA,NA,NA,NA,NA,NA,NA,NA,NA,NA,NA,NA,NA,NA,NA,NA,NA,NA
102563,3.131079118430886,2.128865304935669,1.1243046734702817,4,3,2,1,0,3,2,3.430521706394024,2.418450306952049,3.1010377912668887,2.097391901166781,3.0933497358709023,2.0888429752066116,1.0837866363562556,0.07807366418813765,0,1.257021727609963,0.22219836071441354,0,0,0,0,0,0,0,0,0,0,0,0,0,0,0,0,0,0,0,0,0,0,0,0,0,0,0,0,0,0
102586,18,17,16,15,14,25,24,23,22,28,27,26,25,24,23,22,21,20,27,26,25,24,23,22,21,20,19,18,17,16,15,14,13,12,11,10,9,8,7,6,5,4,3,2,1,0,0,0,0,0,0
102594,16.486208236208235,15.441244133615534,14.441618497109827,13.442029717982411,12.442483521156708,11.442986881937436,14.454545454545455,13.454545454545455,12.454545454545455,14,13,12,11,10,9,8,7,6,5,4,3,2,1,NA,NA,NA,NA,NA,NA,NA,NA,NA,NA,NA,NA,NA,NA,NA,NA,NA,NA,NA,NA,NA,NA,NA,NA,NA,NA,NA,NA
102595,9.643870967741936,8.621285418106426,8,7,6,5,4,3,2,1,NA,NA,NA,NA,NA,NA,NA,NA,NA,NA,NA,NA,NA,NA,NA,NA,NA,NA,NA,NA,NA,NA,NA,NA,NA,NA,NA,NA,NA,NA,NA,NA,NA,NA,NA,NA,NA,NA,NA,NA,NA
102600,7.857488572196827,6.86036299765808,5.8637969804047545,4.86797153024911,3.873155165536498,2.879764065335753,4.2802283341982355,3.294688221709007,2.3157894736842106,4.462275743425903,4,3,2,1,NA,NA,NA,NA,NA,NA,NA,NA,NA,NA,NA,NA,NA,NA,NA,NA,NA,NA,NA,NA,NA,NA,NA,NA,NA,NA,NA,NA,NA,NA,NA,NA,NA,NA,NA,NA,NA
102602,9,8,7,10.312951372171401,9.313571156531674,8.314262691377921,7.297043010752688,6.297823596792669,5.298713235294118,4.299736495388669,7,6,5,4,3,6.304029304029304,5.393696581196581,4.519230769230769,3.519230769230769,2.519230769230769,3,2,1,NA,NA,NA,NA,NA,NA,NA,NA,NA,NA,NA,NA,NA,NA,NA,NA,NA,NA,NA,NA,NA,NA,NA,NA,NA,NA,NA,NA
102604,20,19,18,17,16,15,14,13,12,13,12,11,12,11,10,12,11,10,11,12,11,10,11,10,9,8,7,6,5,4,3,2,1,0,0,0,0,0,0,0,0,0,0,0,0,0,0,0,0,0,0
102616,5,4,3,2,6,5,8,7,6,5,8,7,6,5,8,7,6,5,8,7,6,5,8,7,6,5,4,3,2,1,0,0,0,0,0,0,0,0,0,0,0,0,0,0,0,0,0,0,0,0,0
102617,0.27487864077669905,0.2331873228549343,0.1852079491907396,5,4,3,2,1,4.4,3.4,2.4,5.4,4.4,3.4,7.4,6.4,5.4,4.4,3.4,2.4,5.85,4.85,3.85,2.85,1.85,0.85,0,0,0,0,0,0,0,0,0,0,0,0,0,0,0,0,0,0,0,0,0,0,0,0,0
102621,NA,NA,NA,NA,NA,NA,NA,NA,NA,NA,NA,NA,NA,NA,NA,NA,NA,NA,NA,0,0,0,0,0,0,0,0,0,0,0,0,0,0,0,0,0,0,0,0,0,0,0,0,0,0,0,0,0,0,0,0
102622,NA,NA,NA,NA,NA,NA,NA,NA,NA,NA,NA,NA,NA,NA,NA,NA,NA,NA,NA,NA,NA,NA,NA,NA,NA,NA,NA,NA,NA,NA,NA,NA,NA,NA,NA,NA,NA,NA,NA,NA,NA,0,0,0,0,0,0,0,0,0,0
102623,NA,NA,NA,NA,NA,NA,NA,NA,NA,NA,NA,NA,NA,NA,NA,NA,NA,NA,NA,0,0,0,0,0,0,0,0,0,0,0,0,0,0,0,0,0,0,0,0,0,0,0,0,0,0,0,0,0,0,0,0
102624,NA,NA,NA,NA,NA,NA,NA,NA,NA,NA,NA,NA,NA,NA,NA,NA,NA,NA,NA,NA,NA,NA,NA,NA,NA,NA,NA,NA,NA,NA,NA,NA,NA,NA,NA,NA,NA,NA,NA,NA,NA,0,0,0,0,0,0,0,0,0,0
102629,6,5,4,3,2,1,NA,NA,NA,NA,NA,NA,NA,NA,NA,NA,NA,NA,NA,NA,NA,NA,NA,NA,NA,NA,NA,NA,NA,NA,NA,NA,NA,NA,NA,NA,NA,NA,NA,NA,NA,NA,NA,NA,NA,NA,NA,NA,NA,NA,NA
102635,0,0,3,2,1,0,NA,NA,NA,NA,NA,NA,NA,NA,NA,NA,NA,NA,NA,NA,NA,NA,NA,NA,NA,NA,NA,NA,NA,NA,NA,NA,NA,NA,NA,NA,NA,NA,NA,NA,NA,NA,NA,NA,NA,NA,NA,NA,NA,NA,NA
102642,5,4,3,2,1,0,0,0,0,0,0,0,0,0,0,0,0,0,0,0,0,0,0,0,0,0,0,0,0,0,0,0,0,0,0,0,0,0,0,0,0,0,0,0,0,0,0,0,0,0,0
102643,10,9,8,7,6,5,4,3,2,1,NA,NA,NA,NA,NA,NA,NA,NA,NA,NA,NA,NA,NA,NA,NA,NA,NA,NA,NA,NA,NA,NA,NA,NA,NA,NA,NA,NA,NA,NA,NA,NA,NA,NA,NA,NA,NA,NA,NA,NA,NA
102644,0.625,0,0,6,5,4,3,2,1,0,NA,NA,NA,NA,NA,NA,NA,NA,NA,NA,NA,NA,NA,NA,NA,NA,NA,NA,NA,NA,NA,NA,NA,NA,NA,NA,NA,NA,NA,NA,NA,NA,NA,NA,NA,NA,NA,NA,NA,NA,NA
102666,4,3,13,12,11,10,9,8,7,6,5,4,3,2,1,NA,NA,NA,NA,NA,NA,NA,NA,NA,NA,NA,NA,NA,NA,NA,NA,NA,NA,NA,NA,NA,NA,NA,NA,NA,NA,NA,NA,NA,NA,NA,NA,NA,NA,NA,NA
102667,6.592964824120603,5.7854251012145745,12.053588987217307,11.466315497643471,11,10,9,8,7,6,5,4,3,2,1,NA,NA,NA,NA,NA,NA,NA,NA,NA,NA,NA,NA,NA,NA,NA,NA,NA,NA,NA,NA,NA,NA,NA,NA,NA,NA,NA,NA,NA,NA,NA,NA,NA,NA,NA,NA
102668,3.737564322469983,3,3.7424975798644726,2.820633850303439,2,1,NA,NA,NA,NA,NA,NA,NA,NA,NA,NA,NA,NA,NA,NA,NA,NA,NA,NA,NA,NA,NA,NA,NA,NA,NA,NA,NA,NA,NA,NA,NA,NA,NA,NA,NA,NA,NA,NA,NA,NA,NA,NA,NA,NA,NA
102675,21,20,19,18,17,16,15,19,18,17,16,20,19,18,17,16,20,19,18,17,16,15,14,13,12,11,10,9,8,7,6,5,4,3,2,1,0,0,0,0,0,0,0,0,0,0,0,0,0,0,0
102678,23,22,31,30,29,28,32,31,30,29,28,27,31,30,29,28,27,26,25,24,23,22,21,20,19,18,17,16,15,14,13,12,11,10,9,8,7,6,5,4,3,2,1,0,0,0,0,0,0,0,0
102681,6,5,4,8,7,6,5,9,8,7,6,5,8,7,6,5,4,8,7,6,5,4,7,6,5,4,3,2,1,0,0,0,0,0,0,0,0,0,0,0,0,0,0,0,0,0,0,0,0,0,0
102682,12.733780234427066,11.70768724550652,24.275875486381324,23.286385400668532,22.296469587409614,21.30753221010902,20.3554877748807,19.365636024071385,18.373568571585118,17.38244514106583,16.390526705316393,15.399684252072095,14.407941984087868,13.417449257800666,12.428512904547317,11.441549170087454,10.457137258744,9.476107732406604,8.499695456206602,7.529819694868238,6.56426735218509,5.6116838487972505,4.681091251175917,3.7924066135946113,3,2,1,NA,NA,NA,NA,NA,NA,NA,NA,NA,NA,NA,NA,NA,NA,NA,NA,NA,NA,NA,NA,NA,NA,NA,NA
102683,8.461230214385894,7.5833245493833665,39.278914590747334,39.09131675499388,38.98447242939235,38.97105178513991,39.06652185718165,39.28996335943674,39.66519151533649,40.22232164646547,41,40,39,38,37,36,35,34,33,32,31,30,29,28,27,26,25,24,23,22,21,20,19,18,17,16,15,14,13,12,11,10,9,8,7,6,5,4,3,2,1
102688,24,23,22,21,20,19,18,17,16,15,14,13,12,11,10,15,14,13,12,11,10,9,8,7,6,5,4,3,2,1,0,0,0,0,0,0,0,0,0,0,0,0,0,0,0,0,0,0,0,0,0
102689,51,50,49,48,47,46,45,44,43,42,41,40,39,38,37,36,35,34,33,32,31,30,29,28,27,26,25,24,23,22,21,20,19,18,17,16,15,14,13,12,11,10,9,8,7,6,5,4,3,2,1
102690,51,50,49,48,47,46,45,44,43,42,41,40,39,38,37,36,35,34,33,32,31,30,29,28,27,26,25,24,23,22,21,20,19,18,17,16,15,14,13,12,11,10,9,8,7,6,5,4,3,2,1
102697,15,14,13,12,11,10,9,8,7,6,5,4,3,2,1,0,0,0,0,0,0,0,0,0,0,0,0,0,0,0,0,0,0,0,0,0,0,0,0,0,0,0,0,0,0,0,0,0,0,0,0
102698,8,7,6,10,9,8,7,6,5,10,9,8,7,11,10,9,8,7,12,11,10,9,8,7,6,5,4,3,2,1,0,0,0,0,0,0,0,0,0,0,0,0,0,0,0,0,0,0,0,0,0
102699,12,11,23,22,21,20,19,22,21,20,19,18,22,21,20,19,18,21,20,19,18,17,16,15,14,13,12,11,10,9,8,7,6,5,4,3,2,1,0,0,0,0,0,0,0,0,0,0,0,0,0
102700,23,22,21,20,19,18,17,16,15,14,13,12,11,10,9,13,12,11,10,9,13,12,11,10,9,8,7,6,5,4,3,2,1,0,0,0,0,0,0,0,0,0,0,0,0,0,0,0,0,0,0
102701,8,7,6,5,4,9,8,7,11,10,9,8,12,11,10,9,8,7,6,11,10,9,8,7,6,5,4,3,2,1,0,0,0,0,0,0,0,0,0,0,0,0,0,0,0,0,0,0,0,0,0
102702,14,13,12,11,10,9,15,14,13,12,11,10,9,8,13,12,11,10,9,8,7,13,12,11,10,9,8,7,6,5,4,3,2,1,0,0,0,0,0,0,0,0,0,0,0,0,0,0,0,0,0
102704,10,9,8,7,6,5,4,3,2,1,NA,NA,NA,NA,NA,NA,NA,NA,NA,NA,NA,NA,NA,NA,NA,NA,NA,NA,NA,NA,NA,NA,NA,NA,NA,NA,NA,NA,NA,NA,NA,NA,NA,NA,NA,NA,NA,NA,NA,NA,NA
102705,6,5,4,3,10,9,8,7,12,11,10,9,8,14,13,12,11,10,9,8,7,6,5,4,3,2,1,0,0,0,0,0,0,0,0,0,0,0,0,0,0,0,0,0,0,0,0,0,0,0,0
102706,6,5,4,14,13,12,11,15,14,13,12,11,16,15,14,13,12,11,10,9,8,7,6,5,4,3,2,1,0,0,0,0,0,0,0,0,0,0,0,0,0,0,0,0,0,0,0,0,0,0,0
102707,15,14,13,12,11,10,9,8,7,12,11,10,9,8,13,12,11,10,9,8,7,6,5,4,3,2,1,0,0,0,0,0,0,0,0,0,0,0,0,0,0,0,0,0,0,0,0,0,0,0,0
102708,11,10,9,8,7,14,13,12,11,10,17,16,15,14,13,20,19,18,17,16,15,14,13,12,11,10,9,8,7,6,5,4,3,2,1,0,0,0,0,0,0,0,0,0,0,0,0,0,0,0,0
102714,9,8,7,6,5,18,17,16,15,14,13,19,18,17,16,15,14,13,12,11,10,15,14,13,12,11,10,9,8,7,6,5,4,3,2,1,0,0,0,0,0,0,0,0,0,0,0,0,0,0,0
102716,8,7,11,10,9,8,7,6,5,4,3,2,1,5,4,3,2,1,4,3,2,1,3,2,1,0,0,0,0,0,0,0,0,0,0,0,0,0,0,0,0,0,0,0,0,0,0,0,0,0,0
102717,27,26,25,29,28,27,26,25,24,23,22,28,27,26,25,24,23,22,21,20,19,18,17,16,15,14,13,12,11,10,9,8,7,6,5,4,3,2,1,0,0,0,0,0,0,0,0,0,0,0,0
102719,34,33,32,31,30,29,28,27,26,25,24,28,27,26,25,24,23,28,27,26,25,29,28,27,26,25,24,23,22,21,20,19,18,17,16,15,14,13,12,11,10,9,8,7,6,5,4,3,2,1,0
102727,1,NA,NA,NA,NA,NA,NA,NA,NA,NA,NA,NA,NA,NA,NA,NA,NA,NA,NA,NA,NA,NA,NA,NA,NA,NA,NA,NA,NA,NA,NA,NA,NA,NA,NA,NA,NA,NA,NA,NA,NA,NA,NA,NA,NA,NA,NA,NA,NA,NA,NA
102731,0.5418570062679273,0,0,0,0,0,3.6908809891808345,2.6908809891808345,5.690880989180835,4.690880989180835,5,4,3,2,1,NA,NA,NA,NA,NA,NA,NA,NA,NA,NA,NA,NA,NA,NA,NA,NA,NA,NA,NA,NA,NA,NA,NA,NA,NA,NA,NA,NA,NA,NA,NA,NA,NA,NA,NA,NA
102733,NA,NA,7,6,5,4,3,2,1,0,0,0,0,0,0,NA,NA,NA,NA,NA,NA,NA,NA,NA,NA,NA,NA,NA,NA,NA,NA,NA,NA,NA,NA,NA,NA,NA,NA,NA,NA,NA,NA,NA,NA,NA,NA,NA,NA,NA,NA
102734,0,NA,NA,NA,NA,NA,NA,NA,NA,NA,NA,NA,NA,NA,NA,NA,NA,NA,NA,NA,NA,NA,NA,NA,NA,NA,NA,NA,NA,NA,NA,NA,NA,NA,NA,NA,NA,NA,NA,NA,NA,NA,NA,NA,NA,NA,NA,NA,NA,NA,NA
102745,22.20409982174688,21.20883534136546,20.21647727272727,19.224714679260135,18.233619983619985,17.243277848911653,17,16,15,14,13,12,11,10,9,8,7,6,5,4,3,2,1,NA,NA,NA,NA,NA,NA,NA,NA,NA,NA,NA,NA,NA,NA,NA,NA,NA,NA,NA,NA,NA,NA,NA,NA,NA,NA,NA,NA
102752,14,13,11.361663322998359,10.36826458565589,9.375118348797576,8.382239382239382,7.284048981337897,6.287237550840937,5.290608921806977,4.294179278230501,3.297966772626402,6.620856911883589,5.619794693007941,4.618108651911469,6.295303886679227,5.294079186342172,4.292749450715963,6,5,4,4.591357912854425,3.585198590341937,5.201827492720152,4.199171886612167,3.1961932650073206,2.1928288763640724,1.1889985895627644,0.18426842684268427,0,0,0,0,0,0,0,0,0,0,0,0,0,0,0,0,0,0,0,0,0,0,0
102754,6,5,14,13,12,11,10,9,11,10,9,11,10,9,11.330246913580247,10.330246913580247,9.330246913580247,12,11,10,12.330246913580247,11.330246913580247,10.330246913580247,9.330246913580247,8.330246913580247,7.330246913580247,6.330246913580247,5.330246913580247,4.330246913580247,3.330246913580247,2.330246913580247,1.3302469135802468,0.33024691358024694,0,0,0,0,NA,NA,NA,NA,NA,NA,NA,NA,NA,NA,NA,NA,NA,NA
102757,NA,NA,18,17,16,15,14,13,12,11,10,11.208289939595918,10.20416710292116,11.2,10.2,9.2,8.2,10.2,9.2,8.2,9.2,8.2,11.2,10.2,9.2,8.2,7.2,6.2,5.2,4.2,3.2,2.2,1.2,0.2,0,0,0,0,0,0,0,0,0,0,0,0,0,0,0,0,0
102767,0,0,NA,NA,NA,NA,NA,NA,NA,NA,NA,NA,NA,NA,NA,NA,NA,NA,NA,NA,NA,NA,NA,NA,NA,NA,NA,NA,NA,NA,NA,NA,NA,NA,NA,NA,NA,NA,NA,NA,NA,NA,NA,NA,NA,NA,NA,NA,NA,NA,NA
102779,17,16,15,14,13,12,11,10,9,8,7,6,5,4,3,2,1,0,0,0,0,0,0,0,0,0,0,0,0,0,0,0,0,0,0,0,0,0,0,0,0,0,0,0,0,0,0,0,0,0,0
102781,11,10,13,12,11,10,9,8,7,6,5,4,3,2,1,NA,NA,NA,NA,NA,NA,NA,NA,NA,NA,NA,NA,NA,NA,NA,NA,NA,NA,NA,NA,NA,NA,NA,NA,NA,NA,NA,NA,NA,NA,NA,NA,NA,NA,NA,NA
102785,1.5540261527873365,0.5580071174377225,22,21,20,19,18,17,16,15,14,13,12,11,10,9,8,7,6,5,4,3,2,1,NA,NA,NA,NA,NA,NA,NA,NA,NA,NA,NA,NA,NA,NA,NA,NA,NA,NA,NA,NA,NA,NA,NA,NA,NA,NA,NA
102786,0.010578718108276292,0,22,21,20,19,18,17,16,15,14,13,12,11,10,9,8,7,6,5,4,3,2,1,NA,NA,NA,NA,NA,NA,NA,NA,NA,NA,NA,NA,NA,NA,NA,NA,NA,NA,NA,NA,NA,NA,NA,NA,NA,NA,NA
102789,5,4,4.6304985337243405,3.6308190236447,2.631172168786258,1.631563228003106,2.340227660066909,1.3396487985212568,2.6326247689463957,1.6326247689463955,3,2,3.339648798521257,2.339648798521257,3.6326247689463957,2.6326247689463957,1.6326247689463955,3,2,3.339648798521257,2.339648798521257,3.6326247689463957,2.6326247689463957,1.6326247689463955,0.6326247689463955,0,0,0,NA,NA,NA,NA,NA,NA,NA,NA,NA,NA,NA,NA,NA,NA,NA,NA,NA,NA,NA,NA,NA,NA,NA
102790,11.886796294411075,10.886757793505861,9.938538413491568,8.938588721582521,7.938644372279417,6.938706264365719,5.938775510204081,4.946192170818505,3.9444530165097977,3.1059522366347436,2.265761561306746,1.4236145223953913,0.579185520361991,0.5443548387096774,0.5095320623916811,0.4747191011235955,0.439918533604888,0.40513392857142855,0.37037037037037035,0.3356353591160221,0.30094043887147337,0.266304347826087,0.2317596566523605,0.19736842105263158,0.16326530612244897,0.12244897959183673,0.08163265306122448,0.04081632653061224,NA,NA,NA,NA,NA,NA,NA,NA,NA,NA,NA,NA,NA,NA,NA,NA,NA,NA,NA,NA,NA,NA,NA
102791,7,6,6,5,4,3,2.9263157894736844,1.9214825879936515,0.9251968503937008,0.8828702258299511,0.8405829101346876,0.7983425414364641,3.4409250879839117,5.156650911546253,4.166326232856726,5.664128192924005,4.671766342141864,3.6810228802153433,4.591397849462366,5.5006099048548425,6.627959413754228,6.1391391391391394,5.296811120196239,4.546174142480211,4,3,2,1,NA,NA,NA,NA,NA,NA,NA,NA,NA,NA,NA,NA,NA,NA,NA,NA,NA,NA,NA,NA,NA,NA,NA
102792,32,31,30,29,28,27,26,25,24,23,22,21,20,19,18,17,16,15,14,13,12,11,10,9,8,7,6,5,4,3,2,1,NA,NA,NA,NA,NA,NA,NA,NA,NA,NA,NA,NA,NA,NA,NA,NA,NA,NA,NA
102793,8.249758117138807,7.2419243352840885,6.233705531030901,5.2272727272727275,4.214889451315601,3.216444736975343,2.215879107699688,1.2152504220596512,4,3,4,3,4,3,3.429169441537437,2.4300189993666876,1.431077397179092,0.43243243243243246,1.4342291371994342,0.4367254975591438,1.440429004429937,0.44649446494464945,1.4582392776523703,0.4906621392190153,0,0,0,NA,NA,NA,NA,NA,NA,NA,NA,NA,NA,NA,NA,NA,NA,NA,NA,NA,NA,NA,NA,NA,NA,NA,NA
102796,11,9.853374392460951,8.915682616330114,7.916238241699032,6.9168198318246565,8.162318567832694,7.158112951207515,7.874430589426218,6.874091808796861,7.924504003207426,6.9248442561674555,5.9252023372671365,7,6,7.394268170704601,6.393062591225208,5.393125276019432,8.393191669950589,7.393262112266892,6.393336984889004,9.154685472871828,8.154718927282104,7.154718927282104,6.154718927282104,5.154718927282104,4.154718927282104,3.1547189272821043,2.1547189272821043,1.1547189272821041,0.15471892728210418,0,0,0,0,0,0,0,0,0,0,0,0,0,0,0,0,0,0,0,0,0
102797,7,6,5,4,6,5,4,3,5,4,3,5,4,3,2,4.822599455747052,3.822797466948117,2.823007229797749,1.8232298224517225,3,2,1,0,0,0,0,0,0,0,0,0,0,0,0,0,0,0,0,0,0,0,0,0,0,0,0,0,0,0,0,0
102798,8,6.618882299050099,5.723234870317003,4.724588469771906,7,11,10,9,8,7,6,8.297346992382453,7.296111261139616,6.294804112253404,9,8,7,6,8.29245891073155,7.292650482208181,6.292854689110271,9.198934280639431,8.198934280639431,7.198934280639431,6.198934280639431,5.198934280639431,4.198934280639431,3.1989342806394316,2.1989342806394316,1.1989342806394316,0.1989342806394316,0,0,0,0,0,0,0,0,0,0,0,0,0,0,0,0,0,0,0,0
102799,5.292693113459841,4.293406869570533,6.048051832421289,5.048467864843415,4.048905640796501,3.049366910627465,2.049853617733166,3.457719380572501,2.45752928390291,1.4573276934560837,0.4571135343168698,2.442637711864407,1.4423587358051717,2,1,1.4413981762917933,0.44102887801798957,1.2036976260802976,0.20349797755369453,1.4397289586305277,0.4397289586305278,1.4397289586305277,0.4397289586305278,0,0,0,0,0,0,0,0,0,0,0,0,0,0,0,0,0,0,0,0,0,0,0,0,0,0,NA,NA
102801,12,11,10,9,8,7,6,5,4,7.676923076923077,6.676923076923077,5.676923076923077,4.676923076923077,8,7,6,5,4,3,2,1,0,0,0,0,0,0,0,0,0,0,0,0,0,0,0,0,NA,NA,NA,NA,NA,NA,NA,NA,NA,NA,NA,NA,NA,NA
102802,9,8,7,11,10,9,8,7,6,5,5,4,3,2,1,NA,NA,NA,NA,NA,NA,NA,NA,NA,NA,NA,NA,NA,NA,NA,NA,NA,NA,NA,NA,NA,NA,NA,NA,NA,NA,NA,NA,NA,NA,NA,NA,NA,NA,NA,NA
102803,NA,NA,NA,NA,NA,NA,NA,NA,NA,NA,NA,NA,NA,NA,NA,0,0,0,0,0,0,0,0,0,0,0,0,0,0,0,0,0,0,0,0,0,0,0,0,0,0,0,0,0,0,0,0,0,0,0,0
102804,NA,NA,NA,8,7.16010215106571,6.134608572440666,5.098638067317326,4.101281269066504,10.101325571333044,9.101372756071806,8.477263846830127,11.394115925058548,10.401006862245662,14,13,12,11,12,11,12.440889390041933,11.439727176569281,10.438480438480438,9.437139606950927,8.4356936121642,7.43412957698672,6.4324324324324325,5.432681242807825,4.432681242807825,3.432681242807825,2.432681242807825,1.432681242807825,0.4326812428078251,0,0,0,0,0,0,0,0,0,0,0,0,0,0,0,0,0,0,0
102807,NA,NA,NA,NA,NA,NA,NA,NA,NA,NA,NA,NA,NA,NA,NA,0,0,0,0,0,0,0,0,0,0,0,0,0,0,0,0,0,0,0,0,0,0,0,0,0,0,0,0,0,0,0,0,0,0,0,0
102808,NA,NA,0,11,10,9,8,7,6,5,4,3,2,1,NA,NA,NA,NA,NA,NA,NA,NA,NA,NA,NA,NA,NA,NA,NA,NA,NA,NA,NA,NA,NA,NA,NA,NA,NA,NA,NA,NA,NA,NA,NA,NA,NA,NA,NA,NA,NA
102809,NA,NA,0,11,10,9,8,7,6,5,4,3,2,1,NA,NA,NA,NA,NA,NA,NA,NA,NA,NA,NA,NA,NA,NA,NA,NA,NA,NA,NA,NA,NA,NA,NA,NA,NA,NA,NA,NA,NA,NA,NA,NA,NA,NA,NA,NA,NA
102810,10,9,14,13,12,11,10,9,8,7,11,10,9,8,11,10,9,8,11,10,9,13,12,11,10,9,8,7,6,5,4,3,2,1,0,0,0,0,0,0,0,0,0,0,0,0,0,0,0,0,0
102822,0,0,4,3,2,5.873375908390223,4.8736570209261405,3.8739495798319328,2.8739495798319328,6,5,4,3,6.6722689075630255,5.6722689075630255,4.6722689075630255,3.672268907563025,2.672268907563025,1.6722689075630253,0.6722689075630253,0,0,0,0,0,0,0,0,0,0,0,0,0,0,0,0,0,0,0,0,0,0,0,0,0,0,0,0,0,0,0
102823,5.508928571428571,4.508928571428571,8.508928571428571,7.508928571428571,6.3959386361621,9.616445832448985,8.617234499930406,7.618055555555555,6.618055555555555,9.618055555555555,8.618055555555555,7.618055555555555,6.618055555555555,9.895833333333334,8.895833333333334,7.895833333333333,6.895833333333333,5.895833333333333,4.895833333333333,3.8958333333333335,2.8958333333333335,1.8958333333333333,0.8958333333333334,0,0,0,0,0,0,0,0,0,0,0,0,0,0,0,0,0,0,0,0,0,0,0,0,0,0,0,0
102824,14,13,12,11,12.868980169971671,11.786109245000258,10.827240782503802,9.882352941176471,8.882352941176471,7.882352941176471,6.882352941176471,5.882352941176471,4.882352941176471,3.8823529411764706,2.8823529411764706,2.7450980392156863,2.607843137254902,2.4705882352941178,2.3333333333333335,5.254901960784314,4.254901960784314,3.2549019607843137,2.2549019607843137,1.6470588235294117,1.5098039215686274,1.3725490196078431,1.2352941176470589,1.0980392156862746,0.9607843137254902,0.8235294117647058,0.6862745098039216,0.5490196078431373,0.4117647058823529,0.27450980392156865,0.13725490196078433,0,0,0,0,0,0,0,0,0,0,0,0,0,0,0,0
102825,7.375678157082047,6.380325329202169,14,13,12,11,10,9,8,7,8.326975476839237,7.3269754768392374,8.520435967302452,7.520435967302452,8.520435967302452,7.520435967302452,6.520435967302452,5.520435967302452,4.520435967302452,5.520435967302452,4.520435967302452,3.5204359673024523,2.5204359673024523,1.5204359673024523,0.5204359673024523,0,0,0,0,0,0,0,0,0,0,0,0,0,0,0,0,0,0,0,0,0,0,0,0,0,0
102834,41,40,39,38,37,36,35,34,33,32,31,30,29,28,27,26,25,24,23,22,21,20,19,18,17,16,15,14,13,12,11,10,9,8,7,6,5,4,3,2,1,0,0,0,0,0,0,0,0,0,0
102835,3,2,1,0,0,0,0,0,0,0,0,0,0,0,0,0,0,0,0,0,0,0,0,0,0,0,0,0,0,0,0,0,0,0,0,0,0,0,0,0,0,0,0,0,0,0,0,0,0,0,0
102836,3,2,1,0,0,0,0,0,0,0,0,0,0,0,0,0,0,0,0,0,0,0,0,0,0,0,0,0,0,0,0,0,0,0,0,0,0,0,0,0,0,0,0,0,0,0,0,0,0,0,0
102837,4,3,2,1.6630686757461606,0.5299741602067184,0,0,0,0,0,0,0,0,0,0,0,0,0,0,0,0,0,0,0,0,0,0,0,0,0,0,0,0,0,0,0,0,0,0,0,0,0,0,0,0,0,0,0,0,0,0
102839,NA,NA,NA,NA,NA,NA,NA,NA,NA,NA,NA,NA,NA,NA,NA,9,8,7,6,5,4,3,2,1,0,0,0,0,0,0,0,0,0,0,0,0,0,0,0,0,0,0,0,0,0,0,0,0,0,0,0
102840,NA,NA,NA,NA,0,7,5.193647210577233,4.255264837268666,5.248900332582341,4.242424242424242,6.242424242424242,5.242424242424242,4.242424242424242,5.242424242424242,4.242424242424242,6.121212121212121,5.121212121212121,6.242424242424242,5.242424242424242,4.242424242424242,6,5,4,3,2,1,0,0,0,0,0,0,0,0,0,0,0,NA,NA,NA,NA,NA,NA,NA,NA,NA,NA,NA,NA,NA,NA
102841,NA,NA,NA,8,15,14,17,16,18.441796175860787,17.441789193330656,19,18,19.44176554152744,18.441756605880165,19.441747053665004,18.441736818785998,17.44172582534978,19.441713985780407,18.44170119848143,19.441687344913152,18.441687344913152,20.395368072787427,19.395368072787427,18.395368072787427,17.395368072787427,16.395368072787427,15.395368072787427,14.395368072787427,13.395368072787427,12.395368072787427,11.395368072787427,10.395368072787427,9.395368072787427,8.395368072787427,7.395368072787428,6.395368072787428,5.395368072787428,4.395368072787428,3.3953680727874276,2.3953680727874276,1.3953680727874276,0.39536807278742764,0,0,0,0,0,0,0,0,0
102845,NA,NA,8,10,9.112320837927232,9.093586180206172,8.07464405066135,9.075060053695069,8.073425875780293,13,12,13.313676607642124,12.319906289593842,14.326364863206969,13.333173719095743,13.862310959187901,12.864214506703334,13.300210560414643,12.306581015136059,11.305421806889084,10.304182509505704,9.302854526026561,8.301427983408797,7.299891486633126,6.298231813673518,5.296433534043539,4.296570898980537,3.2965708989805376,2.2965708989805376,1.2965708989805376,0.2965708989805375,0,0,0,0,0,0,0,0,0,0,0,0,0,0,0,0,0,0,0,0
102849,15,14,13,12,11,10,9,8,7,6,5,4,3,2,1,NA,NA,NA,NA,NA,NA,NA,NA,NA,NA,NA,NA,NA,NA,NA,NA,NA,NA,NA,NA,NA,NA,NA,NA,NA,NA,NA,NA,NA,NA,NA,NA,NA,NA,NA,NA
102870,NA,NA,NA,0,16.694079762199653,15.626091489638993,14.625994003389389,13.64,15,14,13,14.32,13.32,12.32,13.32,12.32,11.32,13,12,13.32,12.32,14,13,12,11,10,9,8,7,6,5,4,3,2,1,0,0,NA,NA,NA,NA,NA,NA,NA,NA,NA,NA,NA,NA,NA,NA
102871,NA,NA,NA,0,15.328141468556037,14.2951585156058,13.295108161258604,12.30188679245283,14.30188679245283,13.30188679245283,12.30188679245283,14.30188679245283,13.30188679245283,12.30188679245283,14.30188679245283,13.30188679245283,12.30188679245283,14.30188679245283,13.30188679245283,12.30188679245283,14,13,12,11,10,9,8,7,6,5,4,3,2,1,0,0,0,NA,NA,NA,NA,NA,NA,NA,NA,NA,NA,NA,NA,NA,NA
102872,NA,NA,0,0,1.1980439352853356,5.613974362735033,8.459212740304993,7.4664907864805565,9.472865347973297,8.473431588457846,9.806584123205552,8.807610172781985,9.808697122999092,8.80951702070364,10,9,8,9,8,9,8,9.470156106519743,8.47047888633051,7.470691240204877,6.470919537619513,5.471165644171779,4.471431728337467,3.4715634354133087,2.4717066787726654,1.4718630435389728,0.47203441917639827,0,0,0,0,0,0,0,0,0,0,0,0,0,0,0,0,0,0,0,0
102873,NA,NA,NA,NA,NA,NA,NA,NA,NA,NA,4.810676407164547,3.7958438490039197,2.795881105174127,5.8979591836734695,4.8979591836734695,5,4,3,5,4,3,4,3,2,1,0,0,0,0,0,0,0,0,0,0,0,0,0,0,0,0,0,0,0,0,0,0,0,0,0,0
102874,NA,NA,NA,NA,NA,NA,NA,NA,NA,NA,NA,NA,NA,NA,NA,NA,NA,NA,NA,3.066310829005578,2.0616957550658186,1.0616789771939394,0.06166219839142091,0,0,0,0,0,0,0,0,0,0,0,0,0,0,0,0,0,0,0,0,0,0,0,0,0,0,0,0
102875,NA,NA,NA,NA,NA,NA,NA,NA,NA,NA,NA,NA,NA,NA,NA,NA,NA,NA,NA,3.066310829005578,2.0616957550658186,1.0616789771939394,0.06166219839142091,0,0,0,0,0,0,0,0,0,0,0,0,0,0,0,0,0,0,0,0,0,0,0,0,0,0,0,0
102876,NA,NA,0,0,6,5,7,6,7.503105590062112,6.503105590062112,8,7,8.503105590062113,7.503105590062112,9,8,7,6,7.503105590062112,6.503105590062112,8,7,8.503105590062113,7.503105590062112,6.503105590062112,5.503105590062112,4.503105590062112,3.5031055900621118,2.5031055900621118,1.5031055900621118,0.5031055900621118,0,0,0,0,0,0,0,0,0,0,0,0,0,0,0,0,0,0,0,0
102878,NA,NA,NA,NA,NA,NA,5,4,3,2,5,4,3,4,3,4,3,4.420206207204135,3.4228209794388462,4,3,2,1.4327334652736228,0.4353945911750751,0,0,0,0,0,0,0,0,0,0,0,0,0,0,0,0,0,0,0,0,0,0,0,0,0,0,0
102879,NA,NA,NA,NA,NA,NA,5,4,3,5,4,3,3.4170381546761766,2.411316573169887,1.4133326986695862,2.4154775646535844,1.4177639089732856,3,2,3.4256271644564573,2.427862136849876,2,1,0,0,0,0,0,0,0,0,0,0,0,0,0,0,0,0,0,0,0,0,0,0,0,0,0,0,0,0
102880,NA,NA,NA,NA,NA,NA,NA,NA,NA,NA,3,2,1,3,2,0.49447795429445246,0,3.5254176353569973,2.517567370011208,4.517126905085258,3.51665713840237,6.5161550454276655,5.515617170536162,4.515039547370244,3.5144176008632577,2.52265842538478,1.53125,0.53125,0,0,0,0,0,0,0,0,0,0,0,0,0,0,0,0,0,0,0,0,0,0,0
102881,NA,NA,NA,NA,NA,NA,NA,NA,NA,NA,0,0,0,0,0,0,0,0,0,0,0,0,0,0,0,0,0,0,0,0,0,0,0,0,0,0,0,0,0,0,0,0,0,0,0,0,0,0,0,0,0
102886,NA,NA,NA,NA,NA,0,11,10,9,8,7,21,20,19,18,17,16,15,30,29,28,27,26,25,24,23,22,21,20,19,18,17,16,15,14,13,12,11,10,9,8,7,6,5,4,3,2,1,0,0,0
102892,6,5,4,3,2,1,NA,NA,NA,NA,NA,NA,NA,NA,NA,NA,NA,NA,NA,NA,NA,NA,NA,NA,NA,NA,NA,NA,NA,NA,NA,NA,NA,NA,NA,NA,NA,NA,NA,NA,NA,NA,NA,NA,NA,NA,NA,NA,NA,NA,NA
102893,13,12,11,10,9,8,7,6,5,4,3,2,1,NA,NA,NA,NA,NA,NA,NA,NA,NA,NA,NA,NA,NA,NA,NA,NA,NA,NA,NA,NA,NA,NA,NA,NA,NA,NA,NA,NA,NA,NA,NA,NA,NA,NA,NA,NA,NA,NA
102921,NA,NA,NA,NA,NA,NA,NA,NA,NA,NA,NA,NA,22,21,20,19,18,17,23,22,21,20,19,18,17,16,15,14,13,12,11,10,9,8,7,6,5,4,3,2,1,0,0,0,0,0,0,0,0,0,0
102925,NA,NA,NA,NA,NA,NA,NA,3,2,9,8,7,6,11,10,9,8,7,10,9,8,7,6,5,4,3,2,1,0,0,0,0,0,0,0,0,0,0,0,0,0,0,0,0,0,0,0,0,0,0,0
102926,NA,NA,NA,NA,5,4,8,7,6,5,9,8,7,6,10,9,8,7,6,10,9,8,7,6,5,4,3,2,1,0,0,0,0,0,0,0,0,0,0,0,0,0,0,0,0,0,0,0,0,0,0
102927,NA,NA,NA,NA,NA,NA,NA,NA,NA,NA,0,10,9,8,7,6,5,10,9,8,7,6,5,4,3,2,1,0,0,0,0,0,0,0,0,0,0,0,0,0,0,0,0,0,0,0,0,0,0,0,0
102928,NA,NA,NA,5,4,3,11,10,9,8,7,11,10,9,8,7,6,5,8,7,6,5,4,3,2,1,0,0,0,0,0,0,0,0,0,0,0,0,0,0,0,0,0,0,0,0,0,0,0,0,0
102929,NA,NA,NA,NA,NA,NA,NA,NA,NA,11,10,9,8,7,6,5,4,3,2,1,0,0,0,0,0,0,0,0,0,0,0,0,0,0,0,0,0,0,0,0,0,0,0,0,0,0,0,0,0,0,0
102930,NA,NA,NA,NA,NA,NA,NA,NA,NA,9,8,7,6,5,4,3,2,1,0,0,0,0,0,0,0,0,0,0,0,0,0,0,0,0,0,0,0,0,0,0,0,0,0,0,0,0,0,0,0,0,0
102933,NA,NA,NA,NA,NA,NA,NA,NA,NA,NA,0,0,0,8,7,6,11,10,9,8,7,6,9,8,7,6,5,4,3,2,1,0,0,0,0,0,0,0,0,0,0,0,0,0,0,0,0,0,0,0,0
102934,NA,NA,NA,NA,NA,0,20,19,18,17,16,15,26,25,24,23,22,21,20,19,28,27,26,25,24,23,22,21,20,19,18,17,16,15,14,13,12,11,10,9,8,7,6,5,4,3,2,1,0,0,0
102935,NA,NA,NA,NA,NA,NA,NA,NA,NA,NA,NA,0,0,0,0,0,0,0,0,0,0,0,0,0,0,0,0,0,0,0,0,0,0,0,0,0,0,0,0,0,0,0,0,0,0,0,0,0,0,0,0
102936,NA,NA,NA,NA,NA,NA,NA,NA,NA,NA,NA,NA,NA,NA,NA,0,0,0,0,0,0,0,0,0,0,0,0,0,0,0,0,0,0,0,0,0,0,0,0,0,0,0,0,0,0,0,0,0,0,0,0
102937,NA,NA,NA,NA,NA,NA,NA,NA,NA,NA,0,0,0,0,0,0,0,0,0,0,0,0,0,0,0,0,0,0,0,0,0,0,0,0,0,0,0,0,0,0,0,0,0,0,0,0,0,0,0,0,0
102938,NA,NA,NA,NA,NA,NA,NA,NA,NA,NA,0,0,0,0,0,0,0,0,0,0,0,0,0,0,0,0,0,0,0,0,0,0,0,0,0,0,0,0,0,0,0,0,0,0,0,0,0,0,0,0,0
102939,NA,NA,NA,NA,NA,NA,NA,NA,NA,NA,NA,NA,0,0,0,0,0,0,0,0,0,0,NA,NA,NA,NA,NA,NA,NA,NA,NA,NA,NA,NA,NA,NA,NA,NA,NA,NA,NA,NA,NA,NA,NA,NA,NA,NA,NA,NA,NA
102940,NA,NA,NA,NA,NA,NA,NA,NA,NA,NA,NA,NA,0,0,0,0,0,0,0,0,0,0,NA,NA,NA,NA,NA,NA,NA,NA,NA,NA,NA,NA,NA,NA,NA,NA,NA,NA,NA,NA,NA,NA,NA,NA,NA,NA,NA,NA,NA
102941,NA,NA,NA,NA,NA,NA,NA,NA,NA,NA,NA,NA,0,0,0,0,0,0,0,0,0,0,NA,NA,NA,NA,NA,NA,NA,NA,NA,NA,NA,NA,NA,NA,NA,NA,NA,NA,NA,NA,NA,NA,NA,NA,NA,NA,NA,NA,NA
102942,NA,NA,NA,NA,NA,NA,NA,NA,NA,NA,NA,NA,0,0,0,0,0,0,0,0,0,0,NA,NA,NA,NA,NA,NA,NA,NA,NA,NA,NA,NA,NA,NA,NA,NA,NA,NA,NA,NA,NA,NA,NA,NA,NA,NA,NA,NA,NA
200143,17,16,15,14,13,12,21,20,19,18,17,16,15,14,13,12,11,10,9,8,7,6,5,4,3,2,1,0,0,0,0,0,0,0,0,0,0,0,0,0,0,0,0,0,0,0,0,0,0,0,0
200147,31,30,29,28,27,26,25,24,23,22,21,20,19,18,17,16,15,14,13,12,11,10,9,8,7,6,5,4,3,2,1,0,0,0,0,0,0,0,0,0,0,0,0,0,0,0,0,0,0,0,0
200148,27,26,25,24,23,22,21,20,19,18,17,21,20,19,18,17,16,21,20,19,18,17,16,15,14,13,12,11,10,9,8,7,6,5,4,3,2,1,0,0,0,0,0,0,0,0,0,0,0,0,0
200155,16,15,14,13,12,11,10,9,14,13,12,11,10,9,8,7,6,5,4,3,2,1,0,0,0,0,0,0,0,0,0,0,0,0,0,0,0,0,0,0,0,0,0,0,0,0,0,0,0,0,0
200159,10,9,8,7,11,10,9,8,7,10,9,8,7,12,11,10,9,8,7,10,9,8,7,6,5,4,3,2,1,0,0,0,0,0,0,0,0,0,0,0,0,0,0,0,0,0,0,0,0,0,0
200160,9,8,7,6,5,10,9,8,7,9,8,7,6,9,8,7,6,5,8,7,6,5,8,7,6,5,4,3,2,1,0,0,0,0,0,0,0,0,0,0,0,0,0,0,0,0,0,0,0,0,0
200161,3,2,7,6,5,4,3,10,9,8,7,6,13,12,11,10,9,8,7,6,5,4,3,2,1,0,0,0,0,0,0,0,0,0,0,0,0,0,0,0,0,0,0,0,0,0,0,0,0,0,0
200165,14,13,12,11,10,9,8,7,9,8,7,6,10,9,8,11,10,9,8,7,10,9,8,7,6,5,4,3,2,1,0,0,0,0,0,0,0,0,0,0,0,0,0,0,0,0,0,0,0,0,0
200166,44,43,42,41,40,39,38,37,36,35,34,33,32,31,30,29,28,27,26,25,24,29,28,27,26,25,24,23,22,21,20,19,18,17,16,15,14,13,12,11,10,9,8,7,6,5,4,3,2,1,0
200174,30,29,28,27,26,25,24,23,22,21,20,19,18,17,16,20,19,18,17,16,15,20,19,18,17,16,15,14,13,12,11,10,9,8,7,6,5,4,3,2,1,0,0,0,0,0,0,0,0,0,0
200269,7,6,5,4,3,2,1,0,0,0,0,0,0,0,0,0,0,0,0,0,0,0,0,0,NA,NA,NA,NA,NA,NA,NA,NA,NA,NA,NA,NA,NA,NA,NA,NA,NA,NA,NA,NA,NA,NA,NA,NA,NA,NA,NA
200326,8,7,13,12,11,10,9,14,13,12,11,10,15,14,13,12,11,15,14,13,12,11,10,9,8,7,6,5,4,3,2,1,0,0,0,0,0,0,0,0,0,0,0,0,0,0,0,0,0,0,0
200391,9,8,7,6,5,9,8,11,10,9,8,12,11,10,9,8,7,12,11,10,9,8,12,11,10,9,8,7,6,5,4,3,2,1,0,0,0,0,0,0,0,0,0,0,0,0,0,0,0,0,0
200410,NA,NA,NA,0,0,0,0,0,0,0,0,0,0,0,0,0,0,0,0,NA,NA,NA,NA,NA,NA,NA,NA,NA,NA,NA,NA,NA,NA,NA,NA,NA,NA,NA,NA,NA,NA,NA,NA,NA,NA,NA,NA,NA,NA,NA,NA
200411,NA,NA,NA,0,0,0,0,0,0,0,0,0,0,0,0,0,0,0,0,NA,NA,NA,NA,NA,NA,NA,NA,NA,NA,NA,NA,NA,NA,NA,NA,NA,NA,NA,NA,NA,NA,NA,NA,NA,NA,NA,NA,NA,NA,NA,NA
200432,6,5,4,9,8,7,6,5,7,6,5,4,7,6,5,9,8,7,6,5,8,7,6,5,4,3,2,1,0,0,0,0,0,0,0,0,0,0,0,0,0,0,0,0,0,0,0,0,0,0,0
200433,12,11,10,9,8,10,9,8,7,6,10,9,8,7,6,9,8,7,6,9,8,7,6,5,4,3,2,1,0,0,0,0,0,0,0,0,0,0,0,0,0,0,0,0,0,0,0,0,0,0,0
200434,15,14,13,12,11,10,9,15,14,13,12,11,10,9,8,14,13,12,11,10,9,13,12,11,10,9,8,7,6,5,4,3,2,1,0,0,0,0,0,0,0,0,0,0,0,0,0,0,0,0,0
200435,13,12,11,10,9,8,11,10,9,8,7,12,11,10,9,8,7,11,10,9,8,7,6,5,4,3,2,1,0,0,0,0,0,0,0,0,0,0,0,0,0,0,0,0,0,0,0,0,0,0,0
PG02134,7,6,5,4,3,2,1,0,0,0,0,0,0,0,0,0,0,0,0,0,0,0,0,0,0,0,0,0,0,0,0,0,0,0,0,0,0,0,0,0,0,0,0,0,0,0,0,0,0,0,0
PG02212,13,12,11,10,9,8,7,6,5,4,3,2,1,0,0,0,0,0,0,0,0,0,0,0,0,0,0,0,0,0,0,0,0,0,0,0,0,0,0,0,0,0,0,0,0,0,0,0,0,0,0
PG02804,9,8,7,6,5,4,3,2,1,0,0,0,0,0,0,0,0,0,0,0,0,0,0,0,0,0,0,0,0,0,0,0,0,0,0,0,0,0,0,0,0,0,0,0,0,0,0,0,0,0,0
PG03441,12,11,10,9,8,7,6,5,4,3,2,1,0,0,0,0,0,0,0,0,0,0,0,0,0,0,0,0,0,0,0,0,0,0,0,0,0,0,0,0,0,0,0,0,0,0,0,0,0,0,0
PG03523,2,1,0,0,0,0,0,0,0,0,0,0,0,0,0,0,0,0,0,0,0,0,0,0,0,0,0,0,0,0,0,0,0,0,0,0,0,0,0,0,0,0,0,0,0,0,0,0,0,0,0
PG03584,2,1,0,0,0,0,0,0,0,0,0,0,0,0,0,0,0,0,0,0,0,0,0,0,0,0,0,0,0,0,0,0,0,0,0,0,0,0,0,0,0,0,0,0,0,0,0,0,0,0,0
PG03585,14,13,12,11,10,9,8,7,6,5,4,3,2,1,0,0,0,0,0,0,0,0,0,0,0,0,0,0,0,0,0,0,0,0,0,0,0,0,0,0,0,0,0,0,0,0,0,0,0,0,0
PG03599,14,13,12,11,10,9,8,7,6,5,4,3,2,1,0,0,0,0,0,0,0,0,0,0,0,0,0,0,0,0,0,0,0,0,0,0,0,0,0,0,0,0,0,0,0,0,0,0,0,0,0
PG03603,19,18,17,16,15,14,13,12,11,10,9,8,7,6,5,4,3,2,1,0,0,0,0,0,0,0,0,0,0,0,0,0,0,0,0,0,0,0,0,0,0,0,0,0,0,0,0,0,0,0,0
PG03604,7,6,5,4,3,2,1,0,0,0,0,0,0,0,0,0,0,0,0,0,0,0,0,0,0,0,0,0,0,0,0,0,0,0,0,0,0,0,0,0,0,0,0,0,0,0,0,0,0,0,0
PG03605,20,19,18,17,16,15,14,13,12,11,10,9,8,7,6,5,4,3,2,1,0,0,0,0,0,0,0,0,0,0,0,0,0,0,0,0,0,0,0,0,0,0,0,0,0,0,0,0,0,0,0
PG03628,15,14,13,12,11,10,9,8,7,6,5,4,3,2,1,0,0,0,0,0,0,0,0,0,0,0,0,0,0,0,0,0,0,0,0,0,0,0,0,0,0,0,0,0,0,0,0,0,0,0,0
PG03630,18,17,16,15,14,13,12,11,10,9,8,7,6,5,4,3,2,1,0,0,0,0,0,0,0,0,0,0,0,0,0,0,0,0,0,0,0,0,0,0,0,0,0,0,0,0,0,0,0,0,0
PG03631,9,8,7,6,5,4,3,2,1,0,0,0,0,0,0,0,0,0,0,0,0,0,0,0,0,0,0,0,0,0,0,0,0,0,0,0,0,0,0,0,0,0,0,0,0,0,0,0,0,0,0
PG03632,9,8,7,6,5,4,3,2,1,0,0,0,0,0,0,0,0,0,0,0,0,0,0,0,0,0,0,0,0,0,0,0,0,0,0,0,0,0,0,0,0,0,0,0,0,0,0,0,0,0,0
PG03634,19,18,17,16,15,14,13,12,11,10,9,8,7,6,5,4,3,2,1,0,0,0,0,0,0,0,0,0,0,0,0,0,0,0,0,0,0,0,0,0,0,0,0,0,0,0,0,0,0,0,0
PG03635,12,11,10,9,8,7,6,5,4,3,2,1,0,0,0,0,0,0,0,0,0,0,0,0,0,0,0,0,0,0,0,0,0,0,0,0,0,0,0,0,0,0,0,0,0,0,0,0,0,0,0
PG03637,0,0,0,0,0,0,0,0,0,0,0,0,0,0,0,0,0,0,0,0,0,0,0,0,0,0,0,0,0,0,0,0,0,0,0,0,0,0,0,0,0,0,0,0,0,0,0,0,0,0,0
PG03641,2,1,0,0,0,0,0,0,0,0,0,0,0,0,0,0,0,0,0,0,0,0,0,0,0,0,0,0,0,0,0,0,0,0,0,0,0,0,0,0,0,0,0,0,0,0,0,0,0,0,0
PG03650,24,23,22,21,20,19,18,17,16,15,14,13,12,11,10,9,8,7,6,5,4,3,2,1,0,0,0,0,0,0,0,0,0,0,0,0,0,0,0,0,0,0,0,0,0,0,0,0,0,0,0
PG03651,4,3,2,1,0,0,0,0,0,0,0,0,0,0,0,0,0,0,0,0,0,0,0,0,0,0,0,0,0,0,0,0,0,0,0,0,0,0,0,0,0,0,0,0,0,0,0,0,0,0,0
PG03655,NA,NA,NA,NA,0,0,0,0,0,0,0,0,0,0,0,0,0,0,0,0,0,0,0,0,0,0,0,0,0,0,0,0,0,0,0,0,0,0,0,0,0,0,0,0,0,0,0,0,0,0,0
PG03656,NA,NA,NA,NA,0,0,0,0,0,0,0,0,0,0,0,0,0,0,0,0,0,0,0,0,0,0,0,0,0,0,0,0,0,0,0,0,0,0,0,0,0,0,0,0,0,0,0,0,0,0,0
PG03657,12,11,10,9,8,7,6,5,4,3,2,1,0,0,0,0,0,0,0,0,0,0,0,0,0,0,0,0,0,0,0,0,0,0,0,0,0,0,0,0,0,0,0,0,0,0,0,0,0,0,0
PG03665,3,2,1,0,0,0,0,0,0,0,0,0,0,0,0,0,0,0,0,0,0,0,0,0,0,0,0,0,0,0,0,0,0,0,0,0,0,0,0,0,0,0,0,0,0,0,0,0,0,0,0
PG03666,17,16,15,14,13,12,11,10,9,8,7,6,5,4,3,2,1,0,0,0,0,0,0,0,0,0,0,0,0,0,0,0,0,0,0,0,0,0,0,0,0,0,0,0,0,0,0,0,0,0,0
PG03670,9,8,7,6,5,4,3,2,1,0,0,0,0,0,0,0,0,0,0,0,0,0,0,0,0,0,0,0,0,0,0,0,0,0,0,0,0,0,0,0,0,0,0,0,0,0,0,0,0,0,0
PG03687,4,3,2,1,0,0,0,0,0,0,0,0,0,0,0,0,0,0,0,0,0,0,0,0,0,0,0,0,0,0,0,0,0,0,0,0,0,0,0,0,0,0,0,0,0,0,0,0,0,0,0
PG03694,5,4,3,2,1,NA,NA,NA,NA,NA,NA,NA,NA,NA,NA,NA,NA,NA,NA,NA,NA,NA,NA,NA,NA,NA,NA,NA,NA,NA,NA,NA,NA,NA,NA,NA,NA,NA,NA,NA,NA,NA,NA,NA,NA,NA,NA,NA,NA,NA,NA
PG03697,14,13,12,11,10,9,8,7,6,5,4,3,2,1,0,0,0,0,0,0,0,0,0,0,0,0,0,0,0,0,0,0,0,0,0,0,0,0,0,0,0,0,0,0,0,0,0,0,0,0,0
PG03699,15,14,13,12,11,10,9,8,7,6,5,4,3,2,1,0,0,0,0,0,0,0,0,0,0,0,0,0,0,0,0,0,0,0,0,0,0,0,0,0,0,0,0,0,0,0,0,0,0,0,0
PG03700,11,10,9,8,7,6,5,4,3,2,1,0,0,0,0,0,0,0,0,0,0,0,0,0,0,0,0,0,0,0,0,0,0,0,0,0,0,0,0,0,0,0,0,0,0,0,0,0,0,0,0
PG03705,9,8,7,6,5,4,3,2,1,0,0,0,0,0,0,0,0,0,0,0,0,0,0,0,0,0,0,0,0,0,0,0,0,0,0,0,0,0,0,0,0,0,0,0,0,0,0,0,0,0,0
PG03706,2,1,0,0,0,0,0,0,0,0,0,0,0,0,0,0,0,0,0,0,0,0,0,0,0,0,0,0,0,0,0,0,0,0,0,0,0,0,0,0,0,0,0,0,0,0,0,0,0,0,0
PG03714,8,7,6,5,4,3,2,1,0,0,0,0,0,0,0,0,0,0,0,0,0,0,0,0,0,0,0,0,0,0,0,0,0,0,0,0,0,0,0,0,0,0,0,0,0,0,0,0,0,0,0
PG03715,4,3,2,1,0,0,0,0,0,0,0,0,0,0,0,0,0,0,0,0,0,0,0,0,0,0,0,0,0,0,0,0,0,0,0,0,0,0,0,0,0,0,0,0,0,0,0,0,0,0,0
PG03721,6,5,4,3,2,1,0,0,0,0,0,0,0,0,0,0,0,0,0,0,0,0,0,0,0,0,0,0,0,0,0,0,0,0,0,0,0,0,0,0,0,0,0,0,0,0,0,0,0,0,0
PG03722,16,15,14,13,12,11,10,9,8,7,6,5,4,3,2,1,0,0,0,0,0,0,0,0,0,0,0,0,0,0,0,0,0,0,0,0,0,0,0,0,0,0,0,0,0,0,0,0,0,0,0
PG03728,13,12,11,10,9,8,7,6,5,4,3,2,1,0,0,0,0,0,0,0,0,0,0,0,0,0,0,0,0,0,0,0,0,0,0,0,0,0,0,0,0,0,0,0,0,0,0,0,0,0,0
PG03741,17,16,15,14,13,12,11,10,9,8,7,6,5,4,3,2,1,0,0,0,0,0,0,0,0,0,0,0,0,0,0,0,0,0,0,0,0,0,0,0,0,0,0,0,0,0,0,0,0,0,0
PG03742,0,0,0,0,0,0,0,0,0,0,0,0,0,0,0,0,0,0,0,0,0,0,0,0,0,0,0,0,0,0,0,0,0,0,0,0,0,0,0,0,0,0,0,0,0,0,0,0,0,0,0
PG03744,0,0,0,0,0,0,0,0,0,0,0,0,0,0,0,0,0,0,0,0,0,0,0,0,0,0,0,0,0,0,0,0,0,0,0,0,0,0,0,0,0,0,0,0,0,0,0,0,0,0,0
PG03745,7,6,5,4,3,2,1,0,0,0,0,0,0,0,0,0,0,0,0,0,0,0,0,0,0,0,0,0,0,0,0,0,0,0,0,0,0,0,0,0,0,0,0,0,0,0,0,0,0,0,0
PG03746,3,2,1,0,0,0,0,0,0,0,0,0,0,0,0,0,0,0,0,0,0,0,0,0,0,0,0,0,0,0,0,0,0,0,0,0,0,0,0,0,0,0,0,0,0,0,0,0,0,0,0
PG03747,22,21,20,19,18,17,16,15,14,13,12,11,10,9,8,7,6,5,4,3,2,1,0,0,0,0,0,0,0,0,0,0,0,0,0,0,0,0,0,0,0,0,0,0,0,0,0,0,0,0,0
PG03749,0,0,0,0,0,0,0,0,0,0,0,0,0,0,0,0,0,0,0,0,0,0,0,0,0,0,0,0,0,0,0,0,0,0,0,0,0,0,0,0,0,0,0,0,0,0,0,0,0,0,0
PG03750,22,21,20,19,18,17,16,15,14,13,12,11,10,9,8,7,6,5,4,3,2,1,0,0,0,0,0,0,0,0,0,0,0,0,0,0,0,0,0,0,0,0,0,0,0,0,0,0,0,0,0
PG03751,6,5,4,3,2,1,0,0,0,0,0,0,0,0,0,0,0,0,0,0,0,0,0,0,0,0,0,0,0,0,0,0,0,0,0,0,0,0,0,0,0,0,0,0,0,0,0,0,0,0,0
PG03752,11,10,9,8,7,6,5,4,3,2,1,0,0,0,0,0,0,0,0,0,0,0,0,0,0,0,0,0,0,0,0,0,0,0,0,0,0,0,0,0,0,0,0,0,0,0,0,0,0,0,0
PG03753,3,2,1,0,0,0,0,0,0,0,0,0,0,0,0,0,0,0,0,0,0,0,0,0,0,0,0,0,0,0,0,0,0,0,0,0,0,0,0,0,0,0,0,0,0,0,0,0,0,0,0
PG03754,12,11,10,9,8,7,6,5,4,3,2,1,0,0,0,0,0,0,0,0,0,0,0,0,0,0,0,0,0,0,0,0,0,0,0,0,0,0,0,0,0,0,0,0,0,0,0,0,0,0,0
PG03755,6,5,4,3,2,1,0,0,0,0,0,0,0,0,0,0,0,0,0,0,0,0,0,0,0,0,0,0,0,0,0,0,0,0,0,0,0,0,0,0,0,0,0,0,0,0,0,0,0,0,0
PG03756,12,11,10,9,8,7,6,5,4,3,2,1,0,0,0,0,0,0,0,0,0,0,0,0,0,0,0,0,0,0,0,0,0,0,0,0,0,0,0,0,0,0,0,0,0,0,0,0,0,0,0
PG03757,6,5,4,3,2,1,0,0,0,0,0,0,0,0,0,0,0,0,0,0,0,0,0,0,0,0,0,0,0,0,0,0,0,0,0,0,0,0,0,0,0,0,0,0,0,0,0,0,0,0,0
PG03758,8,7,6,5,4,3,2,1,0,0,0,0,0,0,0,0,0,0,0,0,0,0,0,0,0,0,0,0,0,0,0,0,0,0,0,0,0,0,0,0,0,0,0,0,0,0,0,0,0,0,0
PG03759,3,2,1,0,0,0,0,0,0,0,0,0,0,0,0,0,0,0,0,0,0,0,0,0,0,0,0,0,0,0,0,0,0,0,0,0,0,0,0,0,0,0,0,0,0,0,0,0,0,0,0
PG03761,18,17,16,15,14,13,12,11,10,9,8,7,6,5,4,3,2,1,0,0,0,0,0,0,0,0,0,0,0,0,0,0,0,0,0,0,0,0,0,0,0,0,0,0,0,0,0,0,0,0,0
PG03764,5,4,3,2,1,0,0,0,0,0,0,0,0,0,0,0,0,0,0,0,0,0,0,0,0,0,0,0,0,0,0,0,0,0,0,0,0,0,0,0,0,0,0,0,0,0,0,0,0,0,0
PG03765,0,0,0,0,0,0,0,0,0,0,0,0,0,0,0,0,0,0,0,0,0,0,0,0,0,0,0,0,0,0,0,0,0,0,0,0,0,0,0,0,0,0,0,0,0,0,0,0,0,0,0
PG03766,2,1,0,0,0,0,0,0,0,0,0,0,0,0,0,0,0,0,0,0,0,0,0,0,0,0,0,0,0,0,0,0,0,0,0,0,0,0,0,0,0,0,0,0,0,0,0,0,0,0,0
PG03767,5,4,3,2,1,0,0,0,0,0,0,0,0,0,0,0,0,0,0,0,0,0,0,0,0,0,0,0,0,0,0,0,0,0,0,0,0,0,0,0,0,0,0,0,0,0,0,0,0,0,0
PG03768,12,11,10,9,8,7,6,5,4,3,2,1,0,0,0,0,0,0,0,0,0,0,0,0,0,0,0,0,0,0,0,0,0,0,0,0,0,0,0,0,0,0,0,0,0,0,0,0,0,0,0
PG03770,10,9,8,7,6,5,4,3,2,1,0,0,0,0,0,0,0,0,0,0,0,0,0,0,0,0,0,0,0,0,0,0,0,0,0,0,0,0,0,0,0,0,0,0,0,0,0,0,0,0,0
PG03771,7,6,5,4,3,2,1,0,0,0,0,0,0,0,0,0,0,0,0,0,0,0,0,0,0,0,0,0,0,0,0,0,0,0,0,0,0,0,0,0,0,0,0,0,0,0,0,0,0,0,0
PG03776,0,0,0,0,0,0,NA,NA,NA,NA,NA,NA,NA,NA,NA,NA,NA,NA,NA,NA,NA,NA,NA,NA,NA,NA,NA,NA,NA,NA,NA,NA,NA,NA,NA,NA,NA,NA,NA,NA,NA,NA,NA,NA,NA,NA,NA,NA,NA,NA,NA
PG03778,0,0,0,0,0,0,NA,NA,NA,NA,NA,NA,NA,NA,NA,NA,NA,NA,NA,NA,NA,NA,NA,NA,NA,NA,NA,NA,NA,NA,NA,NA,NA,NA,NA,NA,NA,NA,NA,NA,NA,NA,NA,NA,NA,NA,NA,NA,NA,NA,NA
PG03779,8,7,6,5,4,3,2,1,0,0,0,0,0,0,0,0,0,0,0,0,0,0,0,0,0,0,0,0,0,0,0,0,0,0,0,0,0,0,0,0,0,0,0,0,0,0,0,0,0,0,0
PG03780,8,7,6,5,4,3,2,1,0,0,0,0,0,0,0,0,0,0,0,0,0,0,0,0,0,0,0,0,0,0,0,0,0,0,0,0,0,0,0,0,0,0,0,0,0,0,0,0,0,0,0
PG03781,12,11,10,9,8,7,6,5,4,3,2,1,0,0,0,0,0,0,0,0,0,0,0,0,0,0,0,0,0,0,0,0,0,0,0,0,0,0,0,0,0,0,0,0,0,0,0,0,0,0,0
PG03782,0,0,0,0,0,0,0,0,0,0,0,0,0,0,0,0,0,0,0,0,0,0,0,0,0,0,0,0,0,0,0,0,0,0,0,0,0,0,0,0,0,0,0,0,0,0,0,0,0,0,0
PG03784,2,1,0,0,0,0,0,0,0,0,0,0,0,0,0,0,0,0,0,0,0,0,0,0,0,0,0,0,0,0,0,0,0,0,0,0,0,0,0,0,0,0,0,0,0,0,0,0,0,0,0
PG03785,17,16,15,14,13,12,11,10,9,8,7,6,5,4,3,2,1,0,0,0,0,0,0,0,0,0,0,0,0,0,0,0,0,0,0,0,0,0,0,0,0,0,0,0,0,0,0,0,0,0,0
PG03788,10,9,8,7,6,5,4,3,2,1,0,0,0,0,0,0,0,0,0,0,0,0,0,0,0,0,0,0,0,0,0,0,0,0,0,0,0,0,0,0,0,0,0,0,0,0,0,0,0,0,0
PG03789,14,13,12,11,10,9,8,7,6,5,4,3,2,1,0,0,0,0,0,0,0,0,0,0,0,0,0,0,0,0,0,0,0,0,0,0,0,0,0,0,0,0,0,0,0,0,0,0,0,0,0
PG03790,0,0,0,0,0,0,0,0,0,0,0,0,0,0,0,0,0,0,0,0,0,0,0,0,0,0,0,0,0,0,0,0,0,0,0,0,0,0,0,0,0,0,0,0,0,0,0,0,0,0,0
PG03791,0,0,0,0,0,0,0,0,0,0,0,0,0,0,0,0,0,0,0,0,0,0,0,0,0,0,0,0,0,0,0,0,0,0,0,0,0,0,0,0,0,0,0,0,0,0,0,0,0,0,0
PG03792,51,50,49,48,47,46,45,44,43,42,41,40,39,38,37,36,35,34,33,32,31,30,29,28,27,26,25,24,23,22,21,20,19,18,17,16,15,14,13,12,11,10,9,8,7,6,5,4,3,2,1
PG03793,4,3,2,1,0,0,0,0,0,0,0,0,0,0,0,0,0,0,0,0,0,0,0,0,0,0,0,0,0,0,0,0,0,0,0,0,0,0,0,0,0,0,0,0,0,0,0,0,0,0,0
PG03795,19,18,17,16,15,14,13,12,11,10,9,8,7,6,5,4,3,2,1,0,0,0,0,0,0,0,0,0,0,0,0,0,0,0,0,0,0,0,0,0,0,0,0,0,0,0,0,0,0,0,0
PG03796,12,11,10,9,8,7,6,5,4,3,2,1,0,0,0,0,0,0,0,0,0,0,0,0,0,0,0,0,0,0,0,0,0,0,0,0,0,0,0,0,0,0,0,0,0,0,0,0,0,0,0
PG03797,28,27,26,25,24,23,22,21,20,19,18,17,16,15,14,13,12,11,10,9,8,7,6,5,4,3,2,1,0,0,0,0,0,0,0,0,0,0,0,0,0,0,0,0,0,0,0,0,0,0,0
PG03798,8,7,6,5,4,3,2,1,0,0,0,0,0,0,0,0,0,0,0,0,0,0,0,0,0,0,0,0,0,0,0,0,0,0,0,0,0,0,0,0,0,0,0,0,0,0,0,0,0,0,0
PG03799,9,8,7,6,5,4,3,2,1,0,0,0,0,0,0,0,0,0,0,0,0,0,0,0,0,0,0,0,0,0,0,0,0,0,0,0,0,0,0,0,0,0,0,0,0,0,0,0,0,0,0
PG03801,12,11,10,9,8,7,6,5,4,3,2,1,0,0,0,0,0,0,0,0,0,0,0,0,0,0,0,0,0,0,0,0,0,0,0,0,0,0,0,0,0,0,0,0,0,0,0,0,0,0,0
PG03802,4,3,2,1,0,0,0,0,0,0,0,0,0,0,0,0,0,0,0,0,0,0,0,0,0,0,0,0,0,0,0,0,0,0,0,0,0,0,0,0,0,0,0,0,0,0,0,0,0,0,0
PG03803,27,26,25,24,23,22,21,20,19,18,17,16,15,14,13,12,11,10,9,8,7,6,5,4,3,2,1,0,0,0,0,0,0,0,0,0,0,0,0,0,0,0,0,0,0,0,0,0,0,0,0
PG03804,8,7,6,5,4,3,2,1,0,0,0,0,0,0,0,0,0,0,0,0,0,0,0,0,0,0,0,0,0,0,0,0,0,0,0,0,0,0,0,0,0,0,0,0,0,0,0,0,0,0,0
PG03805,7,6,5,4,3,2,1,0,0,0,0,0,0,0,0,0,0,0,0,0,0,0,0,0,0,0,0,0,0,0,0,0,0,0,0,0,0,0,0,0,0,0,0,0,0,0,0,0,0,0,0
PG03806,9,8,7,6,5,4,3,2,1,0,0,0,0,0,0,0,0,0,0,0,0,0,0,0,0,0,0,0,0,0,0,0,0,0,0,0,0,0,0,0,0,0,0,0,0,0,0,0,0,0,0
PG03807,16,15,14,13,12,11,10,9,8,7,6,5,4,3,2,1,0,0,0,0,0,0,0,0,0,0,0,0,0,0,0,0,0,0,0,0,0,0,0,0,0,0,0,0,0,0,0,0,0,0,0
PG03808,11,10,9,8,7,6,5,4,3,2,1,0,0,0,0,0,0,0,0,0,0,0,0,0,0,0,0,0,0,0,0,0,0,0,0,0,0,0,0,0,0,0,0,0,0,0,0,0,0,0,0
PG03809,10,9,8,7,6,5,4,3,2,1,0,0,0,0,0,0,0,0,0,0,0,0,0,0,0,0,0,0,0,0,0,0,0,0,0,0,0,0,0,0,0,0,0,0,0,0,0,0,0,0,0
PG03810,38,37,36,35,34,33,32,31,30,29,28,27,26,25,24,23,22,21,20,19,18,17,16,15,14,13,12,11,10,9,8,7,6,5,4,3,2,1,0,0,0,0,0,0,0,0,0,0,0,0,0
PG03811,32,31,30,29,28,27,26,25,24,23,22,21,20,19,18,17,16,15,14,13,12,11,10,9,8,7,6,5,4,3,2,1,0,0,0,0,0,0,0,0,0,0,0,0,0,0,0,0,0,0,0
PG03812,6,5,4,3,2,1,0,0,0,0,0,0,0,0,0,0,0,0,0,0,0,0,0,0,0,0,0,0,0,0,0,0,0,0,0,0,0,0,0,0,0,0,0,0,0,0,0,0,0,0,0
PG03813,9,8,7,6,5,4,3,2,1,0,0,0,0,0,0,0,0,0,0,0,0,0,0,0,0,0,0,0,0,0,0,0,0,0,0,0,0,0,0,0,0,0,0,0,0,0,0,0,0,0,0
PG03814,NA,NA,NA,NA,NA,0,0,0,0,0,0,0,0,0,0,0,0,0,0,0,0,0,0,0,0,0,0,0,0,0,0,0,0,0,0,0,0,0,0,0,0,0,0,0,0,0,0,0,0,0,0
PG03815,NA,NA,NA,NA,NA,0,0,0,0,0,0,0,0,0,0,0,0,0,0,0,0,0,0,0,0,0,0,0,0,0,0,0,0,0,0,0,0,0,0,0,0,0,0,0,0,0,0,0,0,0,0
PG03818,2,1,0,0,0,0,0,0,0,0,0,0,0,0,0,0,0,0,0,0,0,0,0,0,0,0,0,0,0,0,0,0,0,0,0,0,0,0,0,0,0,0,0,0,0,0,0,0,0,0,0
PG03820,9,8,7,6,5,4,3,2,1,0,0,0,0,0,0,0,0,0,0,0,0,0,0,0,0,0,0,0,0,0,0,0,0,0,0,0,0,0,0,0,0,0,0,0,0,0,0,0,0,0,0
PG03821,8,7,6,5,4,3,2,1,0,0,0,0,0,0,0,0,0,0,0,0,0,0,0,0,0,0,0,0,0,0,0,0,0,0,0,0,0,0,0,0,0,0,0,0,0,0,0,0,0,0,0
PG03822,14,13,12,11,10,9,8,7,6,5,4,3,2,1,0,0,0,0,0,0,0,0,0,0,0,0,0,0,0,0,0,0,0,0,0,0,0,0,0,0,0,0,0,0,0,0,0,0,0,0,0
PG03823,14,13,12,11,10,9,8,7,6,5,4,3,2,1,0,0,0,0,0,0,0,0,0,0,0,0,0,0,0,0,0,0,0,0,0,0,0,0,0,0,0,0,0,0,0,0,0,0,0,0,0
PG03824,6,5,4,3,2,1,0,0,0,0,0,0,0,0,0,0,0,0,0,0,0,0,0,0,0,0,0,0,0,0,0,0,0,0,0,0,0,0,0,0,0,0,0,0,0,0,0,0,0,0,0
PG03825,12,11,10,9,8,7,6,5,4,3,2,1,0,0,0,0,0,0,0,0,0,0,0,0,0,0,0,0,0,0,0,0,0,0,0,0,0,0,0,0,0,0,0,0,0,0,0,0,0,0,0
PG03826,15,14,13,12,11,10,9,8,7,6,5,4,3,2,1,0,0,0,0,0,0,0,0,0,0,0,0,0,0,0,0,0,0,0,0,0,0,0,0,0,0,0,0,0,0,0,0,0,0,0,0
PG03827,6,5,4,3,2,1,NA,NA,NA,NA,NA,NA,NA,NA,NA,NA,NA,NA,NA,NA,NA,NA,NA,NA,NA,NA,NA,NA,NA,NA,NA,NA,NA,NA,NA,NA,NA,NA,NA,NA,NA,NA,NA,NA,NA,NA,NA,NA,NA,NA,NA
PG03828,6,5,4,3,2,1,NA,NA,NA,NA,NA,NA,NA,NA,NA,NA,NA,NA,NA,NA,NA,NA,NA,NA,NA,NA,NA,NA,NA,NA,NA,NA,NA,NA,NA,NA,NA,NA,NA,NA,NA,NA,NA,NA,NA,NA,NA,NA,NA,NA,NA
PG03829,6,5,4,3,2,1,0,0,0,0,0,0,0,0,0,0,0,0,0,0,0,0,0,0,0,0,0,0,0,0,0,0,0,0,0,0,0,0,0,0,0,0,0,0,0,0,0,0,0,0,0
PG03830,16,15,14,13,12,11,10,9,8,7,6,5,4,3,2,1,0,0,0,0,0,0,0,0,0,0,0,0,0,0,0,0,0,0,0,0,0,0,0,0,0,0,0,0,0,0,0,0,0,0,0
PG03832,2,1,NA,NA,NA,NA,NA,NA,NA,NA,NA,NA,NA,NA,NA,NA,NA,NA,NA,NA,NA,NA,NA,NA,NA,NA,NA,NA,NA,NA,NA,NA,NA,NA,NA,NA,NA,NA,NA,NA,NA,NA,NA,NA,NA,NA,NA,NA,NA,NA,NA
PG03833,10,9,8,7,6,5,4,3,2,1,0,0,0,0,0,0,0,0,0,0,0,0,0,0,0,0,0,0,0,0,0,0,0,0,0,0,0,0,0,0,0,0,0,0,0,0,0,0,0,0,0
PG03834,6,5,4,3,2,1,0,0,0,0,0,0,0,0,0,0,0,0,0,0,0,0,0,0,0,0,0,0,0,0,0,0,0,0,0,0,0,0,0,0,0,0,0,0,0,0,0,0,0,0,0
PG03836,22,21,20,19,18,17,16,15,14,13,12,11,10,9,8,7,6,5,4,3,2,1,0,0,0,0,0,0,0,0,0,0,0,0,0,0,0,0,0,0,0,0,0,0,0,0,0,0,0,0,0
PG03837,6,5,4,3,2,1,0,0,0,0,0,0,0,0,0,0,0,0,0,0,0,0,0,0,0,0,0,0,0,0,0,0,0,0,0,0,0,0,0,0,0,0,0,0,0,0,0,0,0,0,0
PG03838,14,13,12,11,10,9,8,7,6,5,4,3,2,1,0,0,0,0,0,0,0,0,0,0,0,0,0,0,0,0,0,0,0,0,0,0,0,0,0,0,0,0,0,0,0,0,0,0,0,0,0
PG03839,36,35,34,33,32,31,30,29,28,27,26,25,24,23,22,21,20,19,18,17,16,15,14,13,12,11,10,9,8,7,6,5,4,3,2,1,0,0,0,0,0,0,0,0,0,0,0,0,0,0,0
PG03840,14,13,12,11,10,9,8,7,6,5,4,3,2,1,0,0,0,0,0,0,0,0,0,0,0,0,0,0,0,0,0,0,0,0,0,0,0,0,0,0,0,0,0,0,0,0,0,0,0,0,0
PG03841,23,22,21,20,19,18,17,16,15,14,13,12,11,10,9,8,7,6,5,4,3,2,1,0,0,0,0,0,0,0,0,0,0,0,0,0,0,0,0,0,0,0,0,0,0,0,0,0,0,0,0
PG03842,23,22,21,20,19,18,17,16,15,14,13,12,11,10,9,8,7,6,5,4,3,2,1,0,0,0,0,0,0,0,0,0,0,0,0,0,0,0,0,0,0,0,0,0,0,0,0,0,0,0,0
PG03843,21,20,19,18,17,16,15,14,13,12,11,10,9,8,7,6,5,4,3,2,1,0,0,0,0,0,0,0,0,0,0,0,0,0,0,0,0,0,0,0,0,0,0,0,0,0,0,0,0,0,0
PG03844,24,23,22,21,20,19,18,17,16,15,14,13,12,11,10,9,8,7,6,5,4,3,2,1,0,0,0,0,0,0,0,0,0,0,0,0,0,0,0,0,0,0,0,0,0,0,0,0,0,0,0
PG03845,11,10,9,8,7,6,5,4,3,2,1,0,0,0,0,0,0,0,0,0,0,0,0,0,0,0,0,0,0,0,0,0,0,0,0,0,0,0,0,0,0,0,0,0,0,0,0,0,0,0,0
PG03846,36,35,34,33,32,31,30,29,28,27,26,25,24,23,22,21,20,19,18,17,16,15,14,13,12,11,10,9,8,7,6,5,4,3,2,1,0,0,0,0,0,0,0,0,0,0,0,0,0,0,0
PG03847,36,35,34,33,32,31,30,29,28,27,26,25,24,23,22,21,20,19,18,17,16,15,14,13,12,11,10,9,8,7,6,5,4,3,2,1,0,0,0,0,0,0,0,0,0,0,0,0,0,0,0
PG03848,NA,32,31,30,29,28,27,26,25,24,23,22,21,20,19,18,17,16,15,14,13,12,11,10,9,8,7,6,5,4,3,2,1,0,0,0,0,0,0,0,0,0,0,0,0,0,0,0,0,0,0
PG03852,NA,32,31,30,29,28,27,26,25,24,23,22,21,20,19,18,17,16,15,14,13,12,11,10,9,8,7,6,5,4,3,2,1,0,0,0,0,0,0,0,0,0,0,0,0,0,0,0,0,0,0
PG03853,28,27,26,25,24,23,22,21,20,19,18,17,16,15,14,13,12,11,10,9,8,7,6,5,4,3,2,1,0,0,0,0,0,0,0,0,0,0,0,0,0,0,0,0,0,0,0,0,0,0,0
PG03865,51,50,49,48,47,46,45,44,43,42,41,40,39,38,37,36,35,34,33,32,31,30,29,28,27,26,25,24,23,22,21,20,19,18,17,16,15,14,13,12,11,10,9,8,7,6,5,4,3,2,1
PG03866,51,50,49,48,47,46,45,44,43,42,41,40,39,38,37,36,35,34,33,32,31,30,29,28,27,26,25,24,23,22,21,20,19,18,17,16,15,14,13,12,11,10,9,8,7,6,5,4,3,2,1
PG03867,51,50,49,48,47,46,45,44,43,42,41,40,39,38,37,36,35,34,33,32,31,30,29,28,27,26,25,24,23,22,21,20,19,18,17,16,15,14,13,12,11,10,9,8,7,6,5,4,3,2,1
PG03868,31,30,29,28,27,26,25,24,23,22,21,20,19,18,17,16,15,14,13,12,11,10,9,8,7,6,5,4,3,2,1,0,0,0,0,0,0,0,0,0,0,0,0,0,0,0,0,0,0,0,0
PG03869,31,30,29,28,27,26,25,24,23,22,21,20,19,18,17,16,15,14,13,12,11,10,9,8,7,6,5,4,3,2,1,0,0,0,0,0,0,0,0,0,0,0,0,0,0,0,0,0,0,0,0
PG03870,19,18,17,16,15,14,13,12,11,10,9,8,7,6,5,4,3,2,1,0,0,0,0,0,0,0,0,0,0,0,0,0,0,0,0,0,0,0,0,0,0,0,0,0,0,0,0,0,0,0,0
PG03871,NA,NA,0,0,0,0,0,0,0,0,0,0,0,0,0,0,0,0,0,0,0,0,0,0,0,0,0,0,0,0,0,0,0,0,0,0,0,0,0,0,0,0,0,0,0,0,0,0,0,0,0
PG03872,NA,NA,0,0,0,0,0,0,0,0,0,0,0,0,0,0,0,0,0,0,0,0,0,0,0,0,0,0,0,0,0,0,0,0,0,0,0,0,0,0,0,0,0,0,0,0,0,0,0,0,0
PG03873,NA,NA,0,0,0,0,0,0,0,0,0,0,0,0,0,0,0,0,0,0,0,0,0,0,0,0,0,0,0,0,0,0,0,0,0,0,0,0,0,0,0,0,0,0,0,0,0,0,0,0,0
PG03874,NA,NA,0,0,0,0,0,0,0,0,0,0,0,0,0,0,0,0,0,0,0,0,0,0,0,0,0,0,0,0,0,0,0,0,0,0,0,0,0,0,0,0,0,0,0,0,0,0,0,0,0
PG03875,NA,19,18,17,16,15,14,13,12,11,10,9,8,7,6,5,4,3,2,1,0,0,0,0,0,0,0,0,0,0,0,0,0,0,0,0,0,0,0,0,0,0,0,0,0,0,0,0,0,0,0
PG03876,NA,19,18,17,16,15,14,13,12,11,10,9,8,7,6,5,4,3,2,1,0,0,0,0,0,0,0,0,0,0,0,0,0,0,0,0,0,0,0,0,0,0,0,0,0,0,0,0,0,0,0
PG03877,NA,19,18,17,16,15,14,13,12,11,10,9,8,7,6,5,4,3,2,1,0,0,0,0,0,0,0,0,0,0,0,0,0,0,0,0,0,0,0,0,0,0,0,0,0,0,0,0,0,0,0
PG03878,NA,20,19,18,17,16,15,14,13,12,11,10,9,8,7,6,5,4,3,2,1,0,0,0,0,0,0,0,0,0,0,0,0,0,0,0,0,0,0,0,0,0,0,0,0,0,0,0,0,0,0
PG03879,NA,19,18,17,16,15,14,13,12,11,10,9,8,7,6,5,4,3,2,1,0,0,0,0,0,0,0,0,0,0,0,0,0,0,0,0,0,0,0,0,0,0,0,0,0,0,0,0,0,0,0
PG03880,NA,25,24,23,22,21,20,19,18,17,16,15,14,13,12,11,10,9,8,7,6,5,4,3,2,1,0,0,0,0,0,0,0,0,0,0,0,0,0,0,0,0,0,0,0,0,0,0,0,0,0
PG03884,NA,NA,NA,NA,0,0,0,0,0,0,0,0,0,0,0,0,0,0,0,0,0,0,0,0,0,0,0,0,0,0,0,0,0,0,0,0,0,0,0,0,0,0,0,0,0,0,0,0,0,0,0
PG03885,NA,NA,NA,NA,0,0,0,0,0,0,0,0,0,0,0,0,0,0,0,0,0,0,0,0,0,0,0,0,0,0,0,0,0,0,0,0,0,0,0,0,0,0,0,0,0,0,0,0,0,0,0
PG03886,NA,NA,NA,NA,0,0,0,0,0,0,0,0,0,0,0,0,0,0,0,0,0,0,0,0,0,0,0,0,0,0,0,0,0,0,0,0,0,0,0,0,0,0,0,0,0,0,0,0,0,0,0
PG03887,NA,NA,NA,NA,0,0,0,0,0,0,0,0,0,0,0,0,0,0,0,0,0,0,0,0,0,0,0,0,0,0,0,0,0,0,0,0,0,0,0,0,0,0,0,0,0,0,0,0,0,0,0
PG03888,NA,NA,NA,NA,0,0,0,0,0,0,0,0,0,0,0,0,0,0,0,0,0,0,0,0,0,0,0,0,0,0,0,0,0,0,0,0,0,0,0,0,0,0,0,0,0,0,0,0,0,0,0
PG03889,NA,NA,NA,NA,0,0,0,0,0,0,0,0,0,0,0,0,0,0,0,0,0,0,0,0,0,0,0,0,0,0,0,0,0,0,0,0,0,0,0,0,0,0,0,0,0,0,0,0,0,0,0
PG03890,NA,NA,NA,NA,0,0,0,0,0,0,0,0,0,0,0,0,0,0,0,0,0,0,0,0,0,0,0,0,0,0,0,0,0,0,0,0,0,0,0,0,0,0,0,0,0,0,0,0,0,0,0
